support,itemsets,length
0.47044004030903597,卡文克莱香水,1
0.3807524353375882,安娜苏香水,1
0.28585824655693653,博柏利香水,1
0.2831709774941216,兰蔻香水,1
0.2831709774941216,迪奥香水,1
0.28300302317769566,祖玛珑香水,1
0.27729257641921395,菲拉格慕香水,1
0.19096405777628486,"安娜苏香水, 卡文克莱香水",2
0.16711454484380248,Chanel/香奈儿香水小样 香奈儿邂逅绿粉黄色 coco小姐香水女士正品淡香 持久 邂逅白可可五号之水5件套,1
0.16425932146456165,Dior迪奥真我香水女士 -100ml淡香水EDT,1
0.1630836412495801,Dior迪奥女士香水女人生日礼物 迪奥小甜心小姐 真我女士香水发香雾迪奥真我发香喷雾 迪奥 迪奥真我发香雾30ml送礼盒无货预定中,1
0.16274773261672826,Dior迪奥女士香水Q版5ml小样  香水身体乳  礼盒包装 送手提袋 四件装 白色礼盒,1
0.16224386966745044,宝格丽女士香水,1
0.1615720524017467,菲拉格慕 甜心魔力/梦中情人女士淡香水 100ml,1
0.1614040980853208,马克.雅可布香水,1
0.16123614376889486,博士淡香水,1
0.16056432650319113,意大利原装进口Bvlgari宝格丽女士香水持久淡香氛 紫金纯香65ml,1
0.1603963721867652,Chanel香奈儿COCO可可小姐女士淡香水100ml,1
0.1598925092374874,古驰香水,1
0.15955660060463553,专柜正品chanel香奈儿coco可可小姐香水女士香氛 摩登coco浓香EDP100ml,1
0.15922069197178368,Chanel香奈儿香水女士淡香氛 5号之水EDT淡香100ml(新版),1
0.1587168290225059,阿玛尼Gio寄情水男士淡香水 50ML,1
0.158380920389654,迪奥Dior香水 真我女士浓香100ML,1
0.158380920389654,阿玛尼ARMANI 挚爱女士香水EDP 1.5ml*3,1
0.15787705744037622,美奥迪菲MYOSOTIS 豪华装法国女士香水夜用30ml清新持久淡香买一送7 红唇豪华版30毫升,1
0.15703728585824656,Gucci古驰花之舞花园系列女香之 栀子花/柑橘/紫罗兰等 -30ml栀子花正装,1
0.15703728585824656,Dior克丽丝汀迪奥女士香水 持久淡香氛 真我EDP浓香50ml(京东发货),1
0.15686933154182062,VERSACE范思哲晶钻 黑钻 幻影金钻 香恋明亮水晶5/30/50/90ml等 -晶钻30ml正装,1
0.15653342290896877,Chanel香奈儿香水女士淡香氛 粉色邂逅香水100ml,1
0.15636546859254283,迪奥（Dior/CD）香水女士 迪奥粉红魅惑香水女士100ml,1
0.1561975142761169,香奈儿可可小姐淡香水（瓶装）,1
0.15552569701041316,浪凡香水,1
0.15552569701041316,范思哲香水,1
0.15485387974470943, CHANEL香奈儿邂逅机会EDP女士香水100ml 黄色机遇持久浓香 ,1
0.1541820624790057,雅芳香氛喷雾香水50ml 送小黑裙身体乳香氛香水 小黑裙50ML送小黑裙身体乳,1
0.1541820624790057,万宝龙传奇女士香水 30ml,1
0.15401410816257977,LANVIN浪凡我愿意女士香水/Marry me嫁给我 -30ml,1
0.1526704736311723,【跨新年抢先购】精美礼盒晨露女士香水50ml持久清新淡香海洋香调 绿色,1
0.1525025193147464,"卡文克莱香水, 博柏利香水",2
0.15115888478333894,普拉达香水,1
0.14964729593550555,"卡文克莱香水, 迪奥香水",2
0.14931138730265367,CK因为你香水IN2U喜欢你50ml/100ml/150ml等 -因为你女香100ml,1
0.14662411823983876,古驰GUCCI女士香水 罪爱淡香氛 古驰罪爱75ml,1
0.14544843802485724,"卡文克莱香水, 祖玛珑香水",2
0.14309707759489418,"卡文克莱香水, 菲拉格慕香水",2
0.1425932146456164,"卡文克莱香水, 兰蔻香水",2
0.12630164595230098,"安娜苏香水, 博柏利香水",2
0.12210278804165267,"安娜苏香水, 兰蔻香水",2
0.12176687940880081,"安娜苏香水, 迪奥香水",2
0.1190796103459859,"安娜苏香水, 祖玛珑香水",2
0.11622438696674504,"安娜苏香水, 菲拉格慕香水",2
0.09657373194491098,"博柏利香水, 兰蔻香水",2
0.09422237151494793,"博柏利香水, 迪奥香水",2
0.09304669129996641,"博柏利香水, 菲拉格慕香水",2
0.09304669129996641,"迪奥香水, 兰蔻香水",2
0.09237487403426269,"博柏利香水, 祖玛珑香水",2
0.0913671481357071,"迪奥香水, 祖玛珑香水",2
0.09119919381928115,"祖玛珑香水, 兰蔻香水",2
0.09103123950285523,"迪奥香水, 菲拉格慕香水",2
0.08750419885791065,"宝格丽女士香水, 卡文克莱香水",2
0.08716829022505879,"卡文克莱香水, Chanel香奈儿香水女士淡香氛 粉色邂逅香水100ml",2
0.08700033590863285,"卡文克莱香水, 意大利原装进口Bvlgari宝格丽女士香水持久淡香氛 紫金纯香65ml",2
0.08683238159220692,"卡文克莱香水, Chanel香奈儿COCO可可小姐女士淡香水100ml",2
0.08632851864292912,"兰蔻香水, 菲拉格慕香水",2
0.08632851864292912,"祖玛珑香水, 菲拉格慕香水",2
0.08599261001007726,"卡文克莱香水, Chanel/香奈儿香水小样 香奈儿邂逅绿粉黄色 coco小姐香水女士正品淡香 持久 邂逅白可可五号之水5件套",2
0.08565670137722539,"卡文克莱香水, 专柜正品chanel香奈儿coco可可小姐香水女士香氛 摩登coco浓香EDP100ml",2
0.08532079274437353,"卡文克莱香水, 迪奥Dior香水 真我女士浓香100ML",2
0.08532079274437353,"卡文克莱香水, 马克.雅可布香水",2
0.08498488411152166,"卡文克莱香水, Dior迪奥女士香水Q版5ml小样  香水身体乳  礼盒包装 送手提袋 四件装 白色礼盒",2
0.08448102116224387,"美奥迪菲MYOSOTIS 豪华装法国女士香水夜用30ml清新持久淡香买一送7 红唇豪华版30毫升, 卡文克莱香水",2
0.08431306684581794,"卡文克莱香水, 博士淡香水",2
0.08431306684581794,"卡文克莱香水,  CHANEL香奈儿邂逅机会EDP女士香水100ml 黄色机遇持久浓香 ",2
0.08397715821296607,"迪奥（Dior/CD）香水女士 迪奥粉红魅惑香水女士100ml, 卡文克莱香水",2
0.08380920389654015,"卡文克莱香水, 古驰香水",2
0.08364124958011421,"Dior迪奥真我香水女士 -100ml淡香水EDT, 卡文克莱香水",2
0.08347329526368828,"卡文克莱香水, 香奈儿可可小姐淡香水（瓶装）",2
0.08313738663083642,"Dior克丽丝汀迪奥女士香水 持久淡香氛 真我EDP浓香50ml(京东发货), 卡文克莱香水",2
0.08246556936513269,"卡文克莱香水, 菲拉格慕 甜心魔力/梦中情人女士淡香水 100ml",2
0.08229761504870675,"卡文克莱香水, Chanel香奈儿香水女士淡香氛 5号之水EDT淡香100ml(新版)",2
0.08212966073228083,"卡文克莱香水, CK因为你香水IN2U喜欢你50ml/100ml/150ml等 -因为你女香100ml",2
0.08196170641585489,"卡文克莱香水, 阿玛尼Gio寄情水男士淡香水 50ML",2
0.08179375209942895,"浪凡香水, 卡文克莱香水",2
0.08179375209942895,"卡文克莱香水, VERSACE范思哲晶钻 黑钻 幻影金钻 香恋明亮水晶5/30/50/90ml等 -晶钻30ml正装",2
0.08162579778300302,"卡文克莱香水, Gucci古驰花之舞花园系列女香之 栀子花/柑橘/紫罗兰等 -30ml栀子花正装",2
0.08145784346657708,"卡文克莱香水, 范思哲香水",2
0.08128988915015116,"卡文克莱香水, 【跨新年抢先购】精美礼盒晨露女士香水50ml持久清新淡香海洋香调 绿色",2
0.0809539805172993,"卡文克莱香水, 雅芳香氛喷雾香水50ml 送小黑裙身体乳香氛香水 小黑裙50ML送小黑裙身体乳",2
0.08078602620087336,"卡文克莱香水, Dior迪奥女士香水女人生日礼物 迪奥小甜心小姐 真我女士香水发香雾迪奥真我发香喷雾 迪奥 迪奥真我发香雾30ml送礼盒无货预定中",2
0.08045011756802149,"卡文克莱香水, LANVIN浪凡我愿意女士香水/Marry me嫁给我 -30ml",2
0.08028216325159557,"卡文克莱香水, 普拉达香水",2
0.07927443735303998,"卡文克莱香水, 阿玛尼ARMANI 挚爱女士香水EDP 1.5ml*3",2
0.07826671145448438,"卡文克莱香水, 万宝龙传奇女士香水 30ml",2
0.07725898555592879,"卡文克莱香水, 古驰GUCCI女士香水 罪爱淡香氛 古驰罪爱75ml",2
0.07557944239166947,"安娜苏香水, Dior迪奥女士香水女人生日礼物 迪奥小甜心小姐 真我女士香水发香雾迪奥真我发香喷雾 迪奥 迪奥真我发香雾30ml送礼盒无货预定中",2
0.07490762512596574,"安娜苏香水, Chanel/香奈儿香水小样 香奈儿邂逅绿粉黄色 coco小姐香水女士正品淡香 持久 邂逅白可可五号之水5件套",2
0.07171649311387303,"安娜苏香水, 范思哲香水",2
0.07154853879744709,"安娜苏香水, 卡文克莱香水, 博柏利香水",3
0.0710446758481693,"安娜苏香水, 卡文克莱香水, 迪奥香水",3
0.07037285858246557,"安娜苏香水, 博士淡香水",2
0.07020490426603963,"安娜苏香水, 阿玛尼ARMANI 挚爱女士香水EDP 1.5ml*3",2
0.07003694994961371,"安娜苏香水, 迪奥Dior香水 真我女士浓香100ML",2
0.07003694994961371,"安娜苏香水, Gucci古驰花之舞花园系列女香之 栀子花/柑橘/紫罗兰等 -30ml栀子花正装",2
0.06936513268390998,"安娜苏香水, Chanel香奈儿COCO可可小姐女士淡香水100ml",2
0.06936513268390998,"安娜苏香水,  CHANEL香奈儿邂逅机会EDP女士香水100ml 黄色机遇持久浓香 ",2
0.06902922405105812,"迪奥（Dior/CD）香水女士 迪奥粉红魅惑香水女士100ml, 安娜苏香水",2
0.06902922405105812,"美奥迪菲MYOSOTIS 豪华装法国女士香水夜用30ml清新持久淡香买一送7 红唇豪华版30毫升, 安娜苏香水",2
0.06886126973463218,"安娜苏香水, 马克.雅可布香水",2
0.06869331541820625,"Dior迪奥真我香水女士 -100ml淡香水EDT, 安娜苏香水",2
0.06869331541820625,"安娜苏香水, Chanel香奈儿香水女士淡香氛 5号之水EDT淡香100ml(新版)",2
0.06852536110178031,"安娜苏香水, 香奈儿可可小姐淡香水（瓶装）",2
0.06852536110178031,"安娜苏香水, 菲拉格慕 甜心魔力/梦中情人女士淡香水 100ml",2
0.06835740678535439,"安娜苏香水, VERSACE范思哲晶钻 黑钻 幻影金钻 香恋明亮水晶5/30/50/90ml等 -晶钻30ml正装",2
0.06818945246892845,"安娜苏香水, 浪凡香水",2
0.06785354383607659,"安娜苏香水, 宝格丽女士香水",2
0.0673496808867988,"安娜苏香水, 专柜正品chanel香奈儿coco可可小姐香水女士香氛 摩登coco浓香EDP100ml",2
0.0673496808867988,"安娜苏香水, Dior迪奥女士香水Q版5ml小样  香水身体乳  礼盒包装 送手提袋 四件装 白色礼盒",2
0.06701377225394693,"安娜苏香水, LANVIN浪凡我愿意女士香水/Marry me嫁给我 -30ml",2
0.066845817937521,"安娜苏香水, 普拉达香水",2
0.06667786362109507,"安娜苏香水, 古驰香水",2
0.06667786362109507,"安娜苏香水, 阿玛尼Gio寄情水男士淡香水 50ML",2
0.0663419549882432,"安娜苏香水, 意大利原装进口Bvlgari宝格丽女士香水持久淡香氛 紫金纯香65ml",2
0.06617400067181727,"安娜苏香水, Chanel香奈儿香水女士淡香氛 粉色邂逅香水100ml",2
0.06600604635539134,"安娜苏香水, 雅芳香氛喷雾香水50ml 送小黑裙身体乳香氛香水 小黑裙50ML送小黑裙身体乳",2
0.06550218340611354,"安娜苏香水, 卡文克莱香水, 兰蔻香水",3
0.0653342290896876,"安娜苏香水, 万宝龙传奇女士香水 30ml",2
0.06483036614040981,"安娜苏香水, 卡文克莱香水, 祖玛珑香水",3
0.06483036614040981,"安娜苏香水, CK因为你香水IN2U喜欢你50ml/100ml/150ml等 -因为你女香100ml",2
0.06466241182398387,"安娜苏香水, Dior克丽丝汀迪奥女士香水 持久淡香氛 真我EDP浓香50ml(京东发货)",2
0.06449445750755795,"安娜苏香水, 卡文克莱香水, 菲拉格慕香水",3
0.06331877729257641,"安娜苏香水, 【跨新年抢先购】精美礼盒晨露女士香水50ml持久清新淡香海洋香调 绿色",2
0.0621430970775949,"安娜苏香水, 古驰GUCCI女士香水 罪爱淡香氛 古驰罪爱75ml",2
0.056768558951965066,"Gucci古驰花之舞花园系列女香之 栀子花/柑橘/紫罗兰等 -30ml栀子花正装, 博柏利香水",2
0.05626469600268727,"卡文克莱香水, 博柏利香水, 迪奥香水",3
0.05626469600268727,"卡文克莱香水, 博柏利香水, 祖玛珑香水",3
0.05626469600268727,"祖玛珑香水, Dior迪奥女士香水女人生日礼物 迪奥小甜心小姐 真我女士香水发香雾迪奥真我发香喷雾 迪奥 迪奥真我发香雾30ml送礼盒无货预定中",2
0.05559287873698354,"范思哲香水, 博柏利香水",2
0.05525697010413168,"卡文克莱香水, 迪奥香水, 菲拉格慕香水",3
0.05525697010413168,"专柜正品chanel香奈儿coco可可小姐香水女士香氛 摩登coco浓香EDP100ml, 博柏利香水",2
0.05525697010413168,"博柏利香水, 香奈儿可可小姐淡香水（瓶装）",2
0.054921061471279814,"Dior迪奥女士香水Q版5ml小样  香水身体乳  礼盒包装 送手提袋 四件装 白色礼盒, 祖玛珑香水",2
0.05475310715485388,"兰蔻香水, 意大利原装进口Bvlgari宝格丽女士香水持久淡香氛 紫金纯香65ml",2
0.05475310715485388,"浪凡香水, 迪奥香水",2
0.05475310715485388,"宝格丽女士香水, 博柏利香水",2
0.05475310715485388," CHANEL香奈儿邂逅机会EDP女士香水100ml 黄色机遇持久浓香 , 迪奥香水",2
0.05475310715485388,"博柏利香水, 阿玛尼ARMANI 挚爱女士香水EDP 1.5ml*3",2
0.05458515283842795,"卡文克莱香水, 祖玛珑香水, 兰蔻香水",3
0.05441719852200202,"卡文克莱香水, 迪奥香水, 祖玛珑香水",3
0.05441719852200202,"Chanel/香奈儿香水小样 香奈儿邂逅绿粉黄色 coco小姐香水女士正品淡香 持久 邂逅白可可五号之水5件套, 迪奥香水",2
0.054249244205576086,"迪奥香水, 香奈儿可可小姐淡香水（瓶装）",2
0.054249244205576086,"卡文克莱香水, 博柏利香水, 菲拉格慕香水",3
0.054081289889150154,"美奥迪菲MYOSOTIS 豪华装法国女士香水夜用30ml清新持久淡香买一送7 红唇豪华版30毫升, 祖玛珑香水",2
0.054081289889150154,"博柏利香水, 菲拉格慕 甜心魔力/梦中情人女士淡香水 100ml",2
0.054081289889150154,"卡文克莱香水, 博柏利香水, 兰蔻香水",3
0.054081289889150154,"专柜正品chanel香奈儿coco可可小姐香水女士香氛 摩登coco浓香EDP100ml, 迪奥香水",2
0.054081289889150154,"博柏利香水, Dior迪奥女士香水女人生日礼物 迪奥小甜心小姐 真我女士香水发香雾迪奥真我发香喷雾 迪奥 迪奥真我发香雾30ml送礼盒无货预定中",2
0.05391333557272422,"卡文克莱香水, 迪奥香水, 兰蔻香水",3
0.05391333557272422,"雅芳香氛喷雾香水50ml 送小黑裙身体乳香氛香水 小黑裙50ML送小黑裙身体乳, 博柏利香水",2
0.05391333557272422,"迪奥Dior香水 真我女士浓香100ML, 博柏利香水",2
0.05391333557272422,"Dior迪奥真我香水女士 -100ml淡香水EDT, 兰蔻香水",2
0.05357742693987236,"迪奥香水, Dior迪奥女士香水女人生日礼物 迪奥小甜心小姐 真我女士香水发香雾迪奥真我发香喷雾 迪奥 迪奥真我发香雾30ml送礼盒无货预定中",2
0.053409472623446426,"Chanel/香奈儿香水小样 香奈儿邂逅绿粉黄色 coco小姐香水女士正品淡香 持久 邂逅白可可五号之水5件套, 菲拉格慕香水",2
0.053409472623446426,"博柏利香水, 意大利原装进口Bvlgari宝格丽女士香水持久淡香氛 紫金纯香65ml",2
0.053409472623446426,"阿玛尼Gio寄情水男士淡香水 50ML, 兰蔻香水",2
0.053409472623446426,"Chanel/香奈儿香水小样 香奈儿邂逅绿粉黄色 coco小姐香水女士正品淡香 持久 邂逅白可可五号之水5件套, 博柏利香水",2
0.053409472623446426,"Dior迪奥真我香水女士 -100ml淡香水EDT, 菲拉格慕香水",2
0.05324151830702049,"宝格丽女士香水, 祖玛珑香水",2
0.05324151830702049,"VERSACE范思哲晶钻 黑钻 幻影金钻 香恋明亮水晶5/30/50/90ml等 -晶钻30ml正装, 博柏利香水",2
0.05324151830702049,"迪奥（Dior/CD）香水女士 迪奥粉红魅惑香水女士100ml, 兰蔻香水",2
0.05324151830702049,"Gucci古驰花之舞花园系列女香之 栀子花/柑橘/紫罗兰等 -30ml栀子花正装, 迪奥香水",2
0.053073563990594555,"宝格丽女士香水, 迪奥香水",2
0.053073563990594555,"古驰香水, 博柏利香水",2
0.053073563990594555,"古驰香水, 兰蔻香水",2
0.05290560967416862,"博柏利香水, Chanel香奈儿COCO可可小姐女士淡香水100ml",2
0.05290560967416862,"阿玛尼Gio寄情水男士淡香水 50ML, 博柏利香水",2
0.05290560967416862,"VERSACE范思哲晶钻 黑钻 幻影金钻 香恋明亮水晶5/30/50/90ml等 -晶钻30ml正装, 祖玛珑香水",2
0.05290560967416862,"Chanel香奈儿COCO可可小姐女士淡香水100ml, 兰蔻香水",2
0.05290560967416862,"万宝龙传奇女士香水 30ml, 博柏利香水",2
0.05273765535774269,"古驰香水, 祖玛珑香水",2
0.05273765535774269,"迪奥香水, LANVIN浪凡我愿意女士香水/Marry me嫁给我 -30ml",2
0.05273765535774269,"Chanel/香奈儿香水小样 香奈儿邂逅绿粉黄色 coco小姐香水女士正品淡香 持久 邂逅白可可五号之水5件套, 祖玛珑香水",2
0.05273765535774269," CHANEL香奈儿邂逅机会EDP女士香水100ml 黄色机遇持久浓香 , 博柏利香水",2
0.05273765535774269,"菲拉格慕香水, 意大利原装进口Bvlgari宝格丽女士香水持久淡香氛 紫金纯香65ml",2
0.05256970104131676,"迪奥（Dior/CD）香水女士 迪奥粉红魅惑香水女士100ml, 菲拉格慕香水",2
0.05256970104131676,"祖玛珑香水, Chanel香奈儿香水女士淡香氛 粉色邂逅香水100ml",2
0.05256970104131676,"专柜正品chanel香奈儿coco可可小姐香水女士香氛 摩登coco浓香EDP100ml, 兰蔻香水",2
0.05240174672489083,"阿玛尼Gio寄情水男士淡香水 50ML, 迪奥香水",2
0.05240174672489083,"Chanel香奈儿香水女士淡香氛 5号之水EDT淡香100ml(新版), 菲拉格慕香水",2
0.05240174672489083,"Dior迪奥女士香水女人生日礼物 迪奥小甜心小姐 真我女士香水发香雾迪奥真我发香喷雾 迪奥 迪奥真我发香雾30ml送礼盒无货预定中, 兰蔻香水",2
0.052233792408464895,"Dior迪奥女士香水Q版5ml小样  香水身体乳  礼盒包装 送手提袋 四件装 白色礼盒, 博柏利香水",2
0.052233792408464895,"Dior迪奥女士香水Q版5ml小样  香水身体乳  礼盒包装 送手提袋 四件装 白色礼盒, 兰蔻香水",2
0.052233792408464895,"VERSACE范思哲晶钻 黑钻 幻影金钻 香恋明亮水晶5/30/50/90ml等 -晶钻30ml正装, 迪奥香水",2
0.052233792408464895,"浪凡香水, 祖玛珑香水",2
0.052233792408464895,"马克.雅可布香水, 祖玛珑香水",2
0.052233792408464895,"Dior迪奥女士香水女人生日礼物 迪奥小甜心小姐 真我女士香水发香雾迪奥真我发香喷雾 迪奥 迪奥真我发香雾30ml送礼盒无货预定中, 菲拉格慕香水",2
0.05206583809203896,"Gucci古驰花之舞花园系列女香之 栀子花/柑橘/紫罗兰等 -30ml栀子花正装, 祖玛珑香水",2
0.05206583809203896,"VERSACE范思哲晶钻 黑钻 幻影金钻 香恋明亮水晶5/30/50/90ml等 -晶钻30ml正装, 菲拉格慕香水",2
0.05206583809203896,"VERSACE范思哲晶钻 黑钻 幻影金钻 香恋明亮水晶5/30/50/90ml等 -晶钻30ml正装, 兰蔻香水",2
0.05206583809203896,"Dior克丽丝汀迪奥女士香水 持久淡香氛 真我EDP浓香50ml(京东发货), 祖玛珑香水",2
0.05206583809203896,"祖玛珑香水, 意大利原装进口Bvlgari宝格丽女士香水持久淡香氛 紫金纯香65ml",2
0.05206583809203896,"Dior迪奥真我香水女士 -100ml淡香水EDT, 博柏利香水",2
0.05206583809203896,"Chanel香奈儿COCO可可小姐女士淡香水100ml, 祖玛珑香水",2
0.05189788377561303,"范思哲香水, 祖玛珑香水",2
0.05189788377561303,"博柏利香水, LANVIN浪凡我愿意女士香水/Marry me嫁给我 -30ml",2
0.05189788377561303,"雅芳香氛喷雾香水50ml 送小黑裙身体乳香氛香水 小黑裙50ML送小黑裙身体乳, 兰蔻香水",2
0.05189788377561303,"迪奥Dior香水 真我女士浓香100ML, 迪奥香水",2
0.05189788377561303,"Dior迪奥女士香水Q版5ml小样  香水身体乳  礼盒包装 送手提袋 四件装 白色礼盒, 菲拉格慕香水",2
0.05189788377561303,"迪奥香水, 意大利原装进口Bvlgari宝格丽女士香水持久淡香氛 紫金纯香65ml",2
0.05189788377561303,"Dior迪奥真我香水女士 -100ml淡香水EDT, 迪奥香水",2
0.0517299294591871,"马克.雅可布香水, 兰蔻香水",2
0.0517299294591871,"古驰香水, 迪奥香水",2
0.0517299294591871,"Dior迪奥真我香水女士 -100ml淡香水EDT, 祖玛珑香水",2
0.0517299294591871,"博士淡香水, 兰蔻香水",2
0.0517299294591871,"浪凡香水, 博柏利香水",2
0.05156197514276117,"兰蔻香水, Chanel香奈儿香水女士淡香氛 粉色邂逅香水100ml",2
0.05156197514276117,"菲拉格慕香水, CK因为你香水IN2U喜欢你50ml/100ml/150ml等 -因为你女香100ml",2
0.05156197514276117,"Chanel/香奈儿香水小样 香奈儿邂逅绿粉黄色 coco小姐香水女士正品淡香 持久 邂逅白可可五号之水5件套, 兰蔻香水",2
0.05156197514276117,"博士淡香水, 迪奥香水",2
0.051394020826335235,"Chanel香奈儿香水女士淡香氛 5号之水EDT淡香100ml(新版), 迪奥香水",2
0.051394020826335235,"博士淡香水, 菲拉格慕香水",2
0.051394020826335235,"迪奥（Dior/CD）香水女士 迪奥粉红魅惑香水女士100ml, 博柏利香水",2
0.051394020826335235,"祖玛珑香水, 香奈儿可可小姐淡香水（瓶装）",2
0.0512260665099093,"Chanel香奈儿香水女士淡香氛 5号之水EDT淡香100ml(新版), 兰蔻香水",2
0.0512260665099093,"Chanel香奈儿COCO可可小姐女士淡香水100ml, 菲拉格慕香水",2
0.0512260665099093,"Dior迪奥女士香水Q版5ml小样  香水身体乳  礼盒包装 送手提袋 四件装 白色礼盒, 迪奥香水",2
0.0512260665099093,"兰蔻香水, 阿玛尼ARMANI 挚爱女士香水EDP 1.5ml*3",2
0.0512260665099093,"迪奥香水, Chanel香奈儿香水女士淡香氛 粉色邂逅香水100ml",2
0.05105811219348337,"马克.雅可布香水, 博柏利香水",2
0.05105811219348337,"博士淡香水, 博柏利香水",2
0.05105811219348337," CHANEL香奈儿邂逅机会EDP女士香水100ml 黄色机遇持久浓香 , 菲拉格慕香水",2
0.05105811219348337,"Gucci古驰花之舞花园系列女香之 栀子花/柑橘/紫罗兰等 -30ml栀子花正装, 兰蔻香水",2
0.05105811219348337,"范思哲香水, 迪奥香水",2
0.05105811219348337,"Chanel香奈儿香水女士淡香氛 5号之水EDT淡香100ml(新版), 博柏利香水",2
0.05105811219348337,"美奥迪菲MYOSOTIS 豪华装法国女士香水夜用30ml清新持久淡香买一送7 红唇豪华版30毫升, 迪奥香水",2
0.05105811219348337,"Chanel香奈儿香水女士淡香氛 5号之水EDT淡香100ml(新版), 祖玛珑香水",2
0.05089015787705744,"迪奥Dior香水 真我女士浓香100ML, 菲拉格慕香水",2
0.05089015787705744,"万宝龙传奇女士香水 30ml, 祖玛珑香水",2
0.05089015787705744,"菲拉格慕 甜心魔力/梦中情人女士淡香水 100ml, 菲拉格慕香水",2
0.05072220356063151,"祖玛珑香水, 阿玛尼ARMANI 挚爱女士香水EDP 1.5ml*3",2
0.05072220356063151," CHANEL香奈儿邂逅机会EDP女士香水100ml 黄色机遇持久浓香 , 兰蔻香水",2
0.05072220356063151,"【跨新年抢先购】精美礼盒晨露女士香水50ml持久清新淡香海洋香调 绿色, 祖玛珑香水",2
0.05072220356063151,"祖玛珑香水, LANVIN浪凡我愿意女士香水/Marry me嫁给我 -30ml",2
0.05072220356063151,"博柏利香水, Chanel香奈儿香水女士淡香氛 粉色邂逅香水100ml",2
0.050554249244205575,"迪奥香水, 【跨新年抢先购】精美礼盒晨露女士香水50ml持久清新淡香海洋香调 绿色",2
0.050554249244205575,"阿玛尼Gio寄情水男士淡香水 50ML, 菲拉格慕香水",2
0.050554249244205575,"菲拉格慕 甜心魔力/梦中情人女士淡香水 100ml, 祖玛珑香水",2
0.050554249244205575,"浪凡香水, 兰蔻香水",2
0.05038629492777964,"博柏利香水, CK因为你香水IN2U喜欢你50ml/100ml/150ml等 -因为你女香100ml",2
0.05038629492777964,"迪奥香水, CK因为你香水IN2U喜欢你50ml/100ml/150ml等 -因为你女香100ml",2
0.05038629492777964,"迪奥Dior香水 真我女士浓香100ML, 兰蔻香水",2
0.05038629492777964,"兰蔻香水, 香奈儿可可小姐淡香水（瓶装）",2
0.05021834061135371,"菲拉格慕 甜心魔力/梦中情人女士淡香水 100ml, 兰蔻香水",2
0.05021834061135371,"【跨新年抢先购】精美礼盒晨露女士香水50ml持久清新淡香海洋香调 绿色, 兰蔻香水",2
0.05005038629492778,"专柜正品chanel香奈儿coco可可小姐香水女士香氛 摩登coco浓香EDP100ml, 祖玛珑香水",2
0.04988243197850185,"【跨新年抢先购】精美礼盒晨露女士香水50ml持久清新淡香海洋香调 绿色, 菲拉格慕香水",2
0.04988243197850185,"马克.雅可布香水, 迪奥香水",2
0.04988243197850185,"迪奥（Dior/CD）香水女士 迪奥粉红魅惑香水女士100ml, 祖玛珑香水",2
0.04988243197850185,"迪奥Dior香水 真我女士浓香100ML, 祖玛珑香水",2
0.04988243197850185,"雅芳香氛喷雾香水50ml 送小黑裙身体乳香氛香水 小黑裙50ML送小黑裙身体乳, 祖玛珑香水",2
0.04988243197850185,"Dior克丽丝汀迪奥女士香水 持久淡香氛 真我EDP浓香50ml(京东发货), 博柏利香水",2
0.04988243197850185,"Dior克丽丝汀迪奥女士香水 持久淡香氛 真我EDP浓香50ml(京东发货), 兰蔻香水",2
0.049714477662075915,"美奥迪菲MYOSOTIS 豪华装法国女士香水夜用30ml清新持久淡香买一送7 红唇豪华版30毫升, 兰蔻香水",2
0.049714477662075915,"普拉达香水, 博柏利香水",2
0.049714477662075915,"博士淡香水, 祖玛珑香水",2
0.04954652334564998,"范思哲香水, 菲拉格慕香水",2
0.04954652334564998,"宝格丽女士香水, 兰蔻香水",2
0.04954652334564998," CHANEL香奈儿邂逅机会EDP女士香水100ml 黄色机遇持久浓香 , 祖玛珑香水",2
0.04954652334564998,"美奥迪菲MYOSOTIS 豪华装法国女士香水夜用30ml清新持久淡香买一送7 红唇豪华版30毫升, 博柏利香水",2
0.04954652334564998,"博柏利香水, 【跨新年抢先购】精美礼盒晨露女士香水50ml持久清新淡香海洋香调 绿色",2
0.04937856902922405,"美奥迪菲MYOSOTIS 豪华装法国女士香水夜用30ml清新持久淡香买一送7 红唇豪华版30毫升, 菲拉格慕香水",2
0.04937856902922405,"马克.雅可布香水, 菲拉格慕香水",2
0.04937856902922405,"兰蔻香水, LANVIN浪凡我愿意女士香水/Marry me嫁给我 -30ml",2
0.04921061471279812,"普拉达香水, 祖玛珑香水",2
0.04921061471279812,"范思哲香水, 兰蔻香水",2
0.04904266039637219,"普拉达香水, 迪奥香水",2
0.04904266039637219,"普拉达香水, 兰蔻香水",2
0.04904266039637219,"迪奥（Dior/CD）香水女士 迪奥粉红魅惑香水女士100ml, 迪奥香水",2
0.04904266039637219,"Dior克丽丝汀迪奥女士香水 持久淡香氛 真我EDP浓香50ml(京东发货), 菲拉格慕香水",2
0.04904266039637219,"普拉达香水, 菲拉格慕香水",2
0.04904266039637219,"兰蔻香水, CK因为你香水IN2U喜欢你50ml/100ml/150ml等 -因为你女香100ml",2
0.048874706079946255,"迪奥香水, Chanel香奈儿COCO可可小姐女士淡香水100ml",2
0.048874706079946255,"菲拉格慕香水, 香奈儿可可小姐淡香水（瓶装）",2
0.04870675176352032,"卡文克莱香水, 祖玛珑香水, 菲拉格慕香水",3
0.04870675176352032,"万宝龙传奇女士香水 30ml, 迪奥香水",2
0.04870675176352032,"Dior克丽丝汀迪奥女士香水 持久淡香氛 真我EDP浓香50ml(京东发货), 迪奥香水",2
0.04853879744709439,"祖玛珑香水, 古驰GUCCI女士香水 罪爱淡香氛 古驰罪爱75ml",2
0.04820288881424253,"雅芳香氛喷雾香水50ml 送小黑裙身体乳香氛香水 小黑裙50ML送小黑裙身体乳, 迪奥香水",2
0.048034934497816595,"浪凡香水, 菲拉格慕香水",2
0.048034934497816595,"安娜苏香水, 博柏利香水, 迪奥香水",3
0.04786698018139066,"阿玛尼Gio寄情水男士淡香水 50ML, 祖玛珑香水",2
0.0475310715485388,"专柜正品chanel香奈儿coco可可小姐香水女士香氛 摩登coco浓香EDP100ml, 菲拉格慕香水",2
0.0475310715485388,"迪奥香水, 阿玛尼ARMANI 挚爱女士香水EDP 1.5ml*3",2
0.047195162915686935,"宝格丽女士香水, 菲拉格慕香水",2
0.047195162915686935,"万宝龙传奇女士香水 30ml, 兰蔻香水",2
0.047027208599261,"菲拉格慕香水, 阿玛尼ARMANI 挚爱女士香水EDP 1.5ml*3",2
0.047027208599261,"安娜苏香水, 博柏利香水, 兰蔻香水",3
0.04685925428283507,"卡文克莱香水, 兰蔻香水, 菲拉格慕香水",3
0.04669129996640914,"古驰香水, 菲拉格慕香水",2
0.04652334564998321,"博柏利香水, 古驰GUCCI女士香水 罪爱淡香氛 古驰罪爱75ml",2
0.04652334564998321,"兰蔻香水, 古驰GUCCI女士香水 罪爱淡香氛 古驰罪爱75ml",2
0.046355391333557275,"雅芳香氛喷雾香水50ml 送小黑裙身体乳香氛香水 小黑裙50ML送小黑裙身体乳, 菲拉格慕香水",2
0.046355391333557275,"迪奥香水, 古驰GUCCI女士香水 罪爱淡香氛 古驰罪爱75ml",2
0.04618743701713134,"安娜苏香水, 迪奥香水, 兰蔻香水",3
0.04585152838427948,"菲拉格慕香水, 古驰GUCCI女士香水 罪爱淡香氛 古驰罪爱75ml",2
0.04568357406785355,"菲拉格慕香水, LANVIN浪凡我愿意女士香水/Marry me嫁给我 -30ml",2
0.045515619751427615,"迪奥香水, 菲拉格慕 甜心魔力/梦中情人女士淡香水 100ml",2
0.045515619751427615,"Gucci古驰花之舞花园系列女香之 栀子花/柑橘/紫罗兰等 -30ml栀子花正装, 菲拉格慕香水",2
0.04534766543500168,"安娜苏香水, 博柏利香水, 祖玛珑香水",3
0.04501175680214981,"安娜苏香水, 博柏利香水, 菲拉格慕香水",3
0.04484380248572388,"祖玛珑香水, CK因为你香水IN2U喜欢你50ml/100ml/150ml等 -因为你女香100ml",2
0.044507893852872016,"安娜苏香水, 祖玛珑香水, 兰蔻香水",3
0.044339939536446084,"万宝龙传奇女士香水 30ml, 菲拉格慕香水",2
0.044339939536446084,"菲拉格慕香水, Chanel香奈儿香水女士淡香氛 粉色邂逅香水100ml",2
0.04316425932146456,"安娜苏香水, 迪奥香水, 菲拉格慕香水",3
0.04299630500503863,"安娜苏香水, 迪奥香水, 祖玛珑香水",3
0.04131676184077931,"安娜苏香水, 兰蔻香水, 菲拉格慕香水",3
0.04131676184077931,"安娜苏香水, 卡文克莱香水, Chanel/香奈儿香水小样 香奈儿邂逅绿粉黄色 coco小姐香水女士正品淡香 持久 邂逅白可可五号之水5件套",3
0.041148807524353376,"安娜苏香水, 卡文克莱香水, Dior迪奥女士香水Q版5ml小样  香水身体乳  礼盒包装 送手提袋 四件装 白色礼盒",3
0.041148807524353376,"安娜苏香水, 卡文克莱香水, Chanel香奈儿香水女士淡香氛 粉色邂逅香水100ml",3
0.04081289889150151,"安娜苏香水, 卡文克莱香水,  CHANEL香奈儿邂逅机会EDP女士香水100ml 黄色机遇持久浓香 ",3
0.04064494457507558,"安娜苏香水, 浪凡香水, 卡文克莱香水",3
0.04064494457507558,"安娜苏香水, 卡文克莱香水, Dior迪奥女士香水女人生日礼物 迪奥小甜心小姐 真我女士香水发香雾迪奥真我发香喷雾 迪奥 迪奥真我发香雾30ml送礼盒无货预定中",3
0.040309035942223716,"安娜苏香水, 宝格丽女士香水, 卡文克莱香水",3
0.040309035942223716,"安娜苏香水, 卡文克莱香水, 专柜正品chanel香奈儿coco可可小姐香水女士香氛 摩登coco浓香EDP100ml",3
0.03997312730937185,"安娜苏香水, 祖玛珑香水, 菲拉格慕香水",3
0.03980517299294592,"安娜苏香水, 卡文克莱香水, Gucci古驰花之舞花园系列女香之 栀子花/柑橘/紫罗兰等 -30ml栀子花正装",3
0.03980517299294592,"安娜苏香水, 卡文克莱香水, 博士淡香水",3
0.039301310043668124,"安娜苏香水, 卡文克莱香水, 范思哲香水",3
0.03913335572724219,"安娜苏香水, 卡文克莱香水, 马克.雅可布香水",3
0.03913335572724219,"安娜苏香水, 卡文克莱香水, 普拉达香水",3
0.03913335572724219,"Dior迪奥真我香水女士 -100ml淡香水EDT, 卡文克莱香水, 安娜苏香水",3
0.03896540141081626,"迪奥（Dior/CD）香水女士 迪奥粉红魅惑香水女士100ml, 卡文克莱香水, 安娜苏香水",3
0.03879744709439033,"安娜苏香水, 卡文克莱香水, 阿玛尼ARMANI 挚爱女士香水EDP 1.5ml*3",3
0.03879744709439033,"美奥迪菲MYOSOTIS 豪华装法国女士香水夜用30ml清新持久淡香买一送7 红唇豪华版30毫升, 卡文克莱香水, 安娜苏香水",3
0.03879744709439033,"安娜苏香水, 卡文克莱香水, Chanel香奈儿COCO可可小姐女士淡香水100ml",3
0.038461538461538464,"安娜苏香水, 卡文克莱香水, 意大利原装进口Bvlgari宝格丽女士香水持久淡香氛 紫金纯香65ml",3
0.038461538461538464,"安娜苏香水, 卡文克莱香水, 古驰香水",3
0.0381256298286866,"安娜苏香水, 卡文克莱香水, 阿玛尼Gio寄情水男士淡香水 50ML",3
0.0381256298286866,"安娜苏香水, 卡文克莱香水, VERSACE范思哲晶钻 黑钻 幻影金钻 香恋明亮水晶5/30/50/90ml等 -晶钻30ml正装",3
0.037789721195834736,"安娜苏香水, Dior克丽丝汀迪奥女士香水 持久淡香氛 真我EDP浓香50ml(京东发货), 卡文克莱香水",3
0.03728585824655694,"安娜苏香水, 卡文克莱香水, 古驰GUCCI女士香水 罪爱淡香氛 古驰罪爱75ml",3
0.03728585824655694,"安娜苏香水, 卡文克莱香水, CK因为你香水IN2U喜欢你50ml/100ml/150ml等 -因为你女香100ml",3
0.03711790393013101,"安娜苏香水, 卡文克莱香水, 【跨新年抢先购】精美礼盒晨露女士香水50ml持久清新淡香海洋香调 绿色",3
0.036949949613705076,"博柏利香水, 迪奥香水, 兰蔻香水",3
0.036949949613705076,"博柏利香水, 兰蔻香水, 祖玛珑香水",3
0.036949949613705076,"安娜苏香水, 卡文克莱香水, 迪奥Dior香水 真我女士浓香100ML",3
0.036949949613705076,"安娜苏香水, 卡文克莱香水, Chanel香奈儿香水女士淡香氛 5号之水EDT淡香100ml(新版)",3
0.036949949613705076,"安娜苏香水, 卡文克莱香水, LANVIN浪凡我愿意女士香水/Marry me嫁给我 -30ml",3
0.03678199529727914,"卡文克莱香水,  CHANEL香奈儿邂逅机会EDP女士香水100ml 黄色机遇持久浓香 , 迪奥香水",3
0.03678199529727914,"安娜苏香水, 卡文克莱香水, 香奈儿可可小姐淡香水（瓶装）",3
0.036614040980853205,"安娜苏香水, 卡文克莱香水, 雅芳香氛喷雾香水50ml 送小黑裙身体乳香氛香水 小黑裙50ML送小黑裙身体乳",3
0.03644608666442727,"安娜苏香水, 卡文克莱香水, 菲拉格慕 甜心魔力/梦中情人女士淡香水 100ml",3
0.03543836076587168,"美奥迪菲MYOSOTIS 豪华装法国女士香水夜用30ml清新持久淡香买一送7 红唇豪华版30毫升, Chanel/香奈儿香水小样 香奈儿邂逅绿粉黄色 coco小姐香水女士正品淡香 持久 邂逅白可可五号之水5件套",2
0.034934497816593885,"卡文克莱香水, 博柏利香水, 香奈儿可可小姐淡香水（瓶装）",3
0.034934497816593885,"Chanel/香奈儿香水小样 香奈儿邂逅绿粉黄色 coco小姐香水女士正品淡香 持久 邂逅白可可五号之水5件套, Dior迪奥女士香水女人生日礼物 迪奥小甜心小姐 真我女士香水发香雾迪奥真我发香喷雾 迪奥 迪奥真我发香雾30ml送礼盒无货预定中",2
0.03459858918374202,"博柏利香水, 兰蔻香水, 菲拉格慕香水",3
0.03443063486731609,"卡文克莱香水, 博柏利香水, Gucci古驰花之舞花园系列女香之 栀子花/柑橘/紫罗兰等 -30ml栀子花正装",3
0.03443063486731609,"VERSACE范思哲晶钻 黑钻 幻影金钻 香恋明亮水晶5/30/50/90ml等 -晶钻30ml正装, 博士淡香水",2
0.03443063486731609,"Dior克丽丝汀迪奥女士香水 持久淡香氛 真我EDP浓香50ml(京东发货), 宝格丽女士香水",2
0.03426268055089016,"宝格丽女士香水, 卡文克莱香水, 博柏利香水",3
0.03426268055089016,"迪奥香水, 兰蔻香水, 祖玛珑香水",3
0.03426268055089016,"Chanel香奈儿COCO可可小姐女士淡香水100ml, 香奈儿可可小姐淡香水（瓶装）",2
0.034094726234464225,"安娜苏香水, 卡文克莱香水, 万宝龙传奇女士香水 30ml",3
0.034094726234464225,"迪奥香水, 祖玛珑香水, 菲拉格慕香水",3
0.034094726234464225,"卡文克莱香水, 博柏利香水, Chanel香奈儿COCO可可小姐女士淡香水100ml",3
0.03392677191803829,"Dior迪奥真我香水女士 -100ml淡香水EDT, 博士淡香水",2
0.03392677191803829,"宝格丽女士香水, Chanel/香奈儿香水小样 香奈儿邂逅绿粉黄色 coco小姐香水女士正品淡香 持久 邂逅白可可五号之水5件套",2
0.03375881760161236,"Dior迪奥真我香水女士 -100ml淡香水EDT, 迪奥（Dior/CD）香水女士 迪奥粉红魅惑香水女士100ml",2
0.03375881760161236,"卡文克莱香水, 祖玛珑香水, 意大利原装进口Bvlgari宝格丽女士香水持久淡香氛 紫金纯香65ml",3
0.03375881760161236,"博士淡香水, Dior迪奥女士香水女人生日礼物 迪奥小甜心小姐 真我女士香水发香雾迪奥真我发香喷雾 迪奥 迪奥真我发香雾30ml送礼盒无货预定中",2
0.03375881760161236,"卡文克莱香水, 博柏利香水, 意大利原装进口Bvlgari宝格丽女士香水持久淡香氛 紫金纯香65ml",3
0.03375881760161236,"宝格丽女士香水, 博士淡香水",2
0.03375881760161236,"卡文克莱香水, 专柜正品chanel香奈儿coco可可小姐香水女士香氛 摩登coco浓香EDP100ml, 迪奥香水",3
0.03359086328518643,"Chanel/香奈儿香水小样 香奈儿邂逅绿粉黄色 coco小姐香水女士正品淡香 持久 邂逅白可可五号之水5件套, Gucci古驰花之舞花园系列女香之 栀子花/柑橘/紫罗兰等 -30ml栀子花正装",2
0.03359086328518643,"宝格丽女士香水, Dior迪奥女士香水Q版5ml小样  香水身体乳  礼盒包装 送手提袋 四件装 白色礼盒",2
0.03359086328518643,"卡文克莱香水, 专柜正品chanel香奈儿coco可可小姐香水女士香氛 摩登coco浓香EDP100ml, 博柏利香水",3
0.0334229089687605,"Chanel香奈儿香水女士淡香氛 5号之水EDT淡香100ml(新版),  CHANEL香奈儿邂逅机会EDP女士香水100ml 黄色机遇持久浓香 ",2
0.0334229089687605,"Chanel香奈儿COCO可可小姐女士淡香水100ml, Chanel香奈儿香水女士淡香氛 粉色邂逅香水100ml",2
0.0334229089687605,"Chanel/香奈儿香水小样 香奈儿邂逅绿粉黄色 coco小姐香水女士正品淡香 持久 邂逅白可可五号之水5件套, 【跨新年抢先购】精美礼盒晨露女士香水50ml持久清新淡香海洋香调 绿色",2
0.033254954652334565,"迪奥（Dior/CD）香水女士 迪奥粉红魅惑香水女士100ml, 迪奥Dior香水 真我女士浓香100ML",2
0.033254954652334565,"博士淡香水, 阿玛尼Gio寄情水男士淡香水 50ML",2
0.033254954652334565,"Chanel/香奈儿香水小样 香奈儿邂逅绿粉黄色 coco小姐香水女士正品淡香 持久 邂逅白可可五号之水5件套, 古驰香水",2
0.033254954652334565,"卡文克莱香水, 专柜正品chanel香奈儿coco可可小姐香水女士香氛 摩登coco浓香EDP100ml, 兰蔻香水",3
0.03308700033590863,"博柏利香水, 迪奥香水, 菲拉格慕香水",3
0.0329190460194827,"博士淡香水, CK因为你香水IN2U喜欢你50ml/100ml/150ml等 -因为你女香100ml",2
0.0329190460194827,"浪凡香水, 宝格丽女士香水",2
0.0329190460194827,"博柏利香水, 迪奥香水, 祖玛珑香水",3
0.0329190460194827,"博柏利香水, 祖玛珑香水, 菲拉格慕香水",3
0.0329190460194827,"卡文克莱香水,  CHANEL香奈儿邂逅机会EDP女士香水100ml 黄色机遇持久浓香 , 博柏利香水",3
0.03275109170305677,"博士淡香水, Chanel香奈儿香水女士淡香氛 粉色邂逅香水100ml",2
0.03275109170305677,"Dior迪奥女士香水Q版5ml小样  香水身体乳  礼盒包装 送手提袋 四件装 白色礼盒, 菲拉格慕 甜心魔力/梦中情人女士淡香水 100ml",2
0.03275109170305677,"范思哲香水, 卡文克莱香水, 博柏利香水",3
0.03275109170305677,"卡文克莱香水, 雅芳香氛喷雾香水50ml 送小黑裙身体乳香氛香水 小黑裙50ML送小黑裙身体乳, 博柏利香水",3
0.03258313738663084,"卡文克莱香水, Chanel/香奈儿香水小样 香奈儿邂逅绿粉黄色 coco小姐香水女士正品淡香 持久 邂逅白可可五号之水5件套, 博柏利香水",3
0.03258313738663084,"马克.雅可布香水, 意大利原装进口Bvlgari宝格丽女士香水持久淡香氛 紫金纯香65ml",2
0.03258313738663084,"阿玛尼Gio寄情水男士淡香水 50ML, Dior迪奥女士香水女人生日礼物 迪奥小甜心小姐 真我女士香水发香雾迪奥真我发香喷雾 迪奥 迪奥真我发香雾30ml送礼盒无货预定中",2
0.03258313738663084,"Chanel香奈儿香水女士淡香氛 5号之水EDT淡香100ml(新版), 阿玛尼ARMANI 挚爱女士香水EDP 1.5ml*3",2
0.03258313738663084,"博士淡香水, 万宝龙传奇女士香水 30ml",2
0.03258313738663084,"Dior克丽丝汀迪奥女士香水 持久淡香氛 真我EDP浓香50ml(京东发货), 博士淡香水",2
0.03258313738663084,"Chanel/香奈儿香水小样 香奈儿邂逅绿粉黄色 coco小姐香水女士正品淡香 持久 邂逅白可可五号之水5件套, 香奈儿可可小姐淡香水（瓶装）",2
0.03258313738663084,"迪奥Dior香水 真我女士浓香100ML, 马克.雅可布香水",2
0.03258313738663084,"万宝龙传奇女士香水 30ml, 阿玛尼ARMANI 挚爱女士香水EDP 1.5ml*3",2
0.03258313738663084,"阿玛尼Gio寄情水男士淡香水 50ML, 卡文克莱香水, 博柏利香水",3
0.032415183070204905,"卡文克莱香水, Chanel/香奈儿香水小样 香奈儿邂逅绿粉黄色 coco小姐香水女士正品淡香 持久 邂逅白可可五号之水5件套, 迪奥香水",3
0.032415183070204905,"Chanel香奈儿香水女士淡香氛 5号之水EDT淡香100ml(新版), 博士淡香水",2
0.032415183070204905,"宝格丽女士香水, 阿玛尼Gio寄情水男士淡香水 50ML",2
0.032415183070204905,"卡文克莱香水, 古驰香水, 兰蔻香水",3
0.032415183070204905,"专柜正品chanel香奈儿coco可可小姐香水女士香氛 摩登coco浓香EDP100ml, Chanel香奈儿香水女士淡香氛 粉色邂逅香水100ml",2
0.03224722875377897,"Dior迪奥真我香水女士 -100ml淡香水EDT, 美奥迪菲MYOSOTIS 豪华装法国女士香水夜用30ml清新持久淡香买一送7 红唇豪华版30毫升",2
0.03224722875377897,"马克.雅可布香水, Dior迪奥女士香水女人生日礼物 迪奥小甜心小姐 真我女士香水发香雾迪奥真我发香喷雾 迪奥 迪奥真我发香雾30ml送礼盒无货预定中",2
0.03224722875377897,"浪凡香水, 万宝龙传奇女士香水 30ml",2
0.03224722875377897,"卡文克莱香水, 祖玛珑香水, Dior迪奥女士香水女人生日礼物 迪奥小甜心小姐 真我女士香水发香雾迪奥真我发香喷雾 迪奥 迪奥真我发香雾30ml送礼盒无货预定中",3
0.03224722875377897,"Dior迪奥真我香水女士 -100ml淡香水EDT, Chanel/香奈儿香水小样 香奈儿邂逅绿粉黄色 coco小姐香水女士正品淡香 持久 邂逅白可可五号之水5件套",2
0.03224722875377897,"Chanel/香奈儿香水小样 香奈儿邂逅绿粉黄色 coco小姐香水女士正品淡香 持久 邂逅白可可五号之水5件套, Chanel香奈儿香水女士淡香氛 5号之水EDT淡香100ml(新版)",2
0.03224722875377897,"Chanel/香奈儿香水小样 香奈儿邂逅绿粉黄色 coco小姐香水女士正品淡香 持久 邂逅白可可五号之水5件套, LANVIN浪凡我愿意女士香水/Marry me嫁给我 -30ml",2
0.03224722875377897,"迪奥Dior香水 真我女士浓香100ML, Dior迪奥女士香水Q版5ml小样  香水身体乳  礼盒包装 送手提袋 四件装 白色礼盒",2
0.03224722875377897,"Chanel/香奈儿香水小样 香奈儿邂逅绿粉黄色 coco小姐香水女士正品淡香 持久 邂逅白可可五号之水5件套, 马克.雅可布香水",2
0.03224722875377897,"迪奥Dior香水 真我女士浓香100ML, 菲拉格慕 甜心魔力/梦中情人女士淡香水 100ml",2
0.03224722875377897,"宝格丽女士香水, Chanel香奈儿香水女士淡香氛 5号之水EDT淡香100ml(新版)",2
0.03224722875377897,"宝格丽女士香水, Dior迪奥女士香水女人生日礼物 迪奥小甜心小姐 真我女士香水发香雾迪奥真我发香喷雾 迪奥 迪奥真我发香雾30ml送礼盒无货预定中",2
0.03224722875377897,"卡文克莱香水, 古驰香水, 博柏利香水",3
0.03207927443735304,"Dior迪奥女士香水Q版5ml小样  香水身体乳  礼盒包装 送手提袋 四件装 白色礼盒, 意大利原装进口Bvlgari宝格丽女士香水持久淡香氛 紫金纯香65ml",2
0.03207927443735304,"Dior迪奥真我香水女士 -100ml淡香水EDT, 宝格丽女士香水",2
0.03207927443735304,"Dior迪奥真我香水女士 -100ml淡香水EDT, 专柜正品chanel香奈儿coco可可小姐香水女士香氛 摩登coco浓香EDP100ml",2
0.03207927443735304,"美奥迪菲MYOSOTIS 豪华装法国女士香水夜用30ml清新持久淡香买一送7 红唇豪华版30毫升, 迪奥Dior香水 真我女士浓香100ML",2
0.03207927443735304,"卡文克莱香水, 古驰香水, 迪奥香水",3
0.03207927443735304,"迪奥（Dior/CD）香水女士 迪奥粉红魅惑香水女士100ml, 卡文克莱香水, 博柏利香水",3
0.03207927443735304,"卡文克莱香水, 马克.雅可布香水, 迪奥香水",3
0.03207927443735304,"Gucci古驰花之舞花园系列女香之 栀子花/柑橘/紫罗兰等 -30ml栀子花正装, Dior迪奥女士香水女人生日礼物 迪奥小甜心小姐 真我女士香水发香雾迪奥真我发香喷雾 迪奥 迪奥真我发香雾30ml送礼盒无货预定中",2
0.03191132012092711,"美奥迪菲MYOSOTIS 豪华装法国女士香水夜用30ml清新持久淡香买一送7 红唇豪华版30毫升, 菲拉格慕 甜心魔力/梦中情人女士淡香水 100ml",2
0.03191132012092711,"迪奥（Dior/CD）香水女士 迪奥粉红魅惑香水女士100ml, Chanel香奈儿香水女士淡香氛 5号之水EDT淡香100ml(新版)",2
0.03191132012092711,"Dior迪奥真我香水女士 -100ml淡香水EDT, LANVIN浪凡我愿意女士香水/Marry me嫁给我 -30ml",2
0.03191132012092711,"Dior迪奥女士香水Q版5ml小样  香水身体乳  礼盒包装 送手提袋 四件装 白色礼盒, 马克.雅可布香水",2
0.03191132012092711,"Chanel/香奈儿香水小样 香奈儿邂逅绿粉黄色 coco小姐香水女士正品淡香 持久 邂逅白可可五号之水5件套, VERSACE范思哲晶钻 黑钻 幻影金钻 香恋明亮水晶5/30/50/90ml等 -晶钻30ml正装",2
0.03191132012092711,"迪奥（Dior/CD）香水女士 迪奥粉红魅惑香水女士100ml, 香奈儿可可小姐淡香水（瓶装）",2
0.03191132012092711,"博士淡香水, 【跨新年抢先购】精美礼盒晨露女士香水50ml持久清新淡香海洋香调 绿色",2
0.03191132012092711,"宝格丽女士香水, 万宝龙传奇女士香水 30ml",2
0.03191132012092711,"Dior迪奥真我香水女士 -100ml淡香水EDT,  CHANEL香奈儿邂逅机会EDP女士香水100ml 黄色机遇持久浓香 ",2
0.03191132012092711,"Dior迪奥女士香水Q版5ml小样  香水身体乳  礼盒包装 送手提袋 四件装 白色礼盒, 古驰香水",2
0.03191132012092711,"Dior迪奥女士香水Q版5ml小样  香水身体乳  礼盒包装 送手提袋 四件装 白色礼盒, Chanel香奈儿COCO可可小姐女士淡香水100ml",2
0.03191132012092711,"卡文克莱香水, 迪奥香水, Chanel香奈儿香水女士淡香氛 粉色邂逅香水100ml",3
0.03191132012092711,"卡文克莱香水, 迪奥Dior香水 真我女士浓香100ML, 迪奥香水",3
0.03174336580450118,"马克.雅可布香水, Chanel香奈儿COCO可可小姐女士淡香水100ml",2
0.03174336580450118,"宝格丽女士香水, 普拉达香水",2
0.03174336580450118,"卡文克莱香水, 祖玛珑香水, Chanel香奈儿香水女士淡香氛 粉色邂逅香水100ml",3
0.03174336580450118,"香奈儿可可小姐淡香水（瓶装）, LANVIN浪凡我愿意女士香水/Marry me嫁给我 -30ml",2
0.03174336580450118,"博士淡香水, 香奈儿可可小姐淡香水（瓶装）",2
0.03174336580450118,"Dior迪奥真我香水女士 -100ml淡香水EDT, CK因为你香水IN2U喜欢你50ml/100ml/150ml等 -因为你女香100ml",2
0.03174336580450118,"卡文克莱香水, 迪奥香水, 意大利原装进口Bvlgari宝格丽女士香水持久淡香氛 紫金纯香65ml",3
0.03174336580450118,"浪凡香水, Dior迪奥女士香水女人生日礼物 迪奥小甜心小姐 真我女士香水发香雾迪奥真我发香喷雾 迪奥 迪奥真我发香雾30ml送礼盒无货预定中",2
0.03174336580450118,"Dior迪奥真我香水女士 -100ml淡香水EDT, 万宝龙传奇女士香水 30ml",2
0.03174336580450118,"Chanel香奈儿香水女士淡香氛 5号之水EDT淡香100ml(新版), 万宝龙传奇女士香水 30ml",2
0.03174336580450118,"卡文克莱香水, VERSACE范思哲晶钻 黑钻 幻影金钻 香恋明亮水晶5/30/50/90ml等 -晶钻30ml正装, 迪奥香水",3
0.03174336580450118,"卡文克莱香水, VERSACE范思哲晶钻 黑钻 幻影金钻 香恋明亮水晶5/30/50/90ml等 -晶钻30ml正装, 祖玛珑香水",3
0.03174336580450118,"卡文克莱香水, 兰蔻香水, 意大利原装进口Bvlgari宝格丽女士香水持久淡香氛 紫金纯香65ml",3
0.03174336580450118,"Gucci古驰花之舞花园系列女香之 栀子花/柑橘/紫罗兰等 -30ml栀子花正装, 古驰香水",2
0.03174336580450118,"Dior迪奥女士香水Q版5ml小样  香水身体乳  礼盒包装 送手提袋 四件装 白色礼盒, Dior迪奥女士香水女人生日礼物 迪奥小甜心小姐 真我女士香水发香雾迪奥真我发香喷雾 迪奥 迪奥真我发香雾30ml送礼盒无货预定中",2
0.031575411488075245,"卡文克莱香水, 马克.雅可布香水, 祖玛珑香水",3
0.031575411488075245,"Dior克丽丝汀迪奥女士香水 持久淡香氛 真我EDP浓香50ml(京东发货), 马克.雅可布香水",2
0.031575411488075245,"Chanel/香奈儿香水小样 香奈儿邂逅绿粉黄色 coco小姐香水女士正品淡香 持久 邂逅白可可五号之水5件套, Dior迪奥女士香水Q版5ml小样  香水身体乳  礼盒包装 送手提袋 四件装 白色礼盒",2
0.031575411488075245,"宝格丽女士香水, 卡文克莱香水, 迪奥香水",3
0.031575411488075245,"博士淡香水, 迪奥Dior香水 真我女士浓香100ML",2
0.031575411488075245,"迪奥Dior香水 真我女士浓香100ML, Dior迪奥女士香水女人生日礼物 迪奥小甜心小姐 真我女士香水发香雾迪奥真我发香喷雾 迪奥 迪奥真我发香雾30ml送礼盒无货预定中",2
0.031575411488075245,"卡文克莱香水, 兰蔻香水, Chanel香奈儿香水女士淡香氛 粉色邂逅香水100ml",3
0.031575411488075245,"卡文克莱香水, Dior迪奥女士香水Q版5ml小样  香水身体乳  礼盒包装 送手提袋 四件装 白色礼盒, 祖玛珑香水",3
0.031575411488075245,"卡文克莱香水, 迪奥Dior香水 真我女士浓香100ML, 菲拉格慕香水",3
0.031575411488075245,"美奥迪菲MYOSOTIS 豪华装法国女士香水夜用30ml清新持久淡香买一送7 红唇豪华版30毫升, Dior克丽丝汀迪奥女士香水 持久淡香氛 真我EDP浓香50ml(京东发货)",2
0.031575411488075245,"雅芳香氛喷雾香水50ml 送小黑裙身体乳香氛香水 小黑裙50ML送小黑裙身体乳, 马克.雅可布香水",2
0.031575411488075245,"宝格丽女士香水, VERSACE范思哲晶钻 黑钻 幻影金钻 香恋明亮水晶5/30/50/90ml等 -晶钻30ml正装",2
0.031575411488075245,"Dior克丽丝汀迪奥女士香水 持久淡香氛 真我EDP浓香50ml(京东发货),  CHANEL香奈儿邂逅机会EDP女士香水100ml 黄色机遇持久浓香 ",2
0.031575411488075245,"宝格丽女士香水, 马克.雅可布香水",2
0.031575411488075245,"美奥迪菲MYOSOTIS 豪华装法国女士香水夜用30ml清新持久淡香买一送7 红唇豪华版30毫升, 卡文克莱香水, 祖玛珑香水",3
0.03140745717164931,"Chanel香奈儿COCO可可小姐女士淡香水100ml, Dior迪奥女士香水女人生日礼物 迪奥小甜心小姐 真我女士香水发香雾迪奥真我发香喷雾 迪奥 迪奥真我发香雾30ml送礼盒无货预定中",2
0.03140745717164931,"Chanel/香奈儿香水小样 香奈儿邂逅绿粉黄色 coco小姐香水女士正品淡香 持久 邂逅白可可五号之水5件套, 博士淡香水",2
0.03140745717164931,"卡文克莱香水, 博柏利香水, 菲拉格慕 甜心魔力/梦中情人女士淡香水 100ml",3
0.03140745717164931,"Chanel/香奈儿香水小样 香奈儿邂逅绿粉黄色 coco小姐香水女士正品淡香 持久 邂逅白可可五号之水5件套, 菲拉格慕 甜心魔力/梦中情人女士淡香水 100ml",2
0.03140745717164931,"卡文克莱香水,  CHANEL香奈儿邂逅机会EDP女士香水100ml 黄色机遇持久浓香 , 兰蔻香水",3
0.03140745717164931,"Chanel/香奈儿香水小样 香奈儿邂逅绿粉黄色 coco小姐香水女士正品淡香 持久 邂逅白可可五号之水5件套, 雅芳香氛喷雾香水50ml 送小黑裙身体乳香氛香水 小黑裙50ML送小黑裙身体乳",2
0.03140745717164931,"卡文克莱香水, Dior迪奥女士香水Q版5ml小样  香水身体乳  礼盒包装 送手提袋 四件装 白色礼盒, 迪奥香水",3
0.03140745717164931,"迪奥（Dior/CD）香水女士 迪奥粉红魅惑香水女士100ml, 卡文克莱香水, 菲拉格慕香水",3
0.03140745717164931,"Gucci古驰花之舞花园系列女香之 栀子花/柑橘/紫罗兰等 -30ml栀子花正装, 马克.雅可布香水",2
0.03140745717164931,"卡文克莱香水, 古驰香水, 祖玛珑香水",3
0.03140745717164931,"浪凡香水, 卡文克莱香水, 迪奥香水",3
0.03140745717164931,"雅芳香氛喷雾香水50ml 送小黑裙身体乳香氛香水 小黑裙50ML送小黑裙身体乳,  CHANEL香奈儿邂逅机会EDP女士香水100ml 黄色机遇持久浓香 ",2
0.03140745717164931,"宝格丽女士香水, 雅芳香氛喷雾香水50ml 送小黑裙身体乳香氛香水 小黑裙50ML送小黑裙身体乳",2
0.03140745717164931,"雅芳香氛喷雾香水50ml 送小黑裙身体乳香氛香水 小黑裙50ML送小黑裙身体乳, 意大利原装进口Bvlgari宝格丽女士香水持久淡香氛 紫金纯香65ml",2
0.03140745717164931,"迪奥（Dior/CD）香水女士 迪奥粉红魅惑香水女士100ml,  CHANEL香奈儿邂逅机会EDP女士香水100ml 黄色机遇持久浓香 ",2
0.03140745717164931,"卡文克莱香水, 菲拉格慕香水, 意大利原装进口Bvlgari宝格丽女士香水持久淡香氛 紫金纯香65ml",3
0.03140745717164931,"范思哲香水, 【跨新年抢先购】精美礼盒晨露女士香水50ml持久清新淡香海洋香调 绿色",2
0.03140745717164931,"Dior克丽丝汀迪奥女士香水 持久淡香氛 真我EDP浓香50ml(京东发货), 卡文克莱香水, 祖玛珑香水",3
0.03123950285522338,"普拉达香水, 香奈儿可可小姐淡香水（瓶装）",2
0.03123950285522338,"迪奥（Dior/CD）香水女士 迪奥粉红魅惑香水女士100ml, Gucci古驰花之舞花园系列女香之 栀子花/柑橘/紫罗兰等 -30ml栀子花正装",2
0.03123950285522338,"卡文克莱香水, 迪奥香水, LANVIN浪凡我愿意女士香水/Marry me嫁给我 -30ml",3
0.03123950285522338,"Dior迪奥女士香水Q版5ml小样  香水身体乳  礼盒包装 送手提袋 四件装 白色礼盒, 香奈儿可可小姐淡香水（瓶装）",2
0.03123950285522338,"卡文克莱香水, 博柏利香水, 阿玛尼ARMANI 挚爱女士香水EDP 1.5ml*3",3
0.03123950285522338,"Dior迪奥女士香水女人生日礼物 迪奥小甜心小姐 真我女士香水发香雾迪奥真我发香喷雾 迪奥 迪奥真我发香雾30ml送礼盒无货预定中, 香奈儿可可小姐淡香水（瓶装）",2
0.03123950285522338,"迪奥（Dior/CD）香水女士 迪奥粉红魅惑香水女士100ml, 马克.雅可布香水",2
0.03123950285522338,"卡文克莱香水,  CHANEL香奈儿邂逅机会EDP女士香水100ml 黄色机遇持久浓香 , 菲拉格慕香水",3
0.03123950285522338,"卡文克莱香水, Dior迪奥女士香水Q版5ml小样  香水身体乳  礼盒包装 送手提袋 四件装 白色礼盒, 兰蔻香水",3
0.03123950285522338,"Chanel/香奈儿香水小样 香奈儿邂逅绿粉黄色 coco小姐香水女士正品淡香 持久 邂逅白可可五号之水5件套, 阿玛尼ARMANI 挚爱女士香水EDP 1.5ml*3",2
0.03123950285522338,"美奥迪菲MYOSOTIS 豪华装法国女士香水夜用30ml清新持久淡香买一送7 红唇豪华版30毫升, 宝格丽女士香水",2
0.03107154853879745,"卡文克莱香水, 范思哲香水, 祖玛珑香水",3
0.03107154853879745,"VERSACE范思哲晶钻 黑钻 幻影金钻 香恋明亮水晶5/30/50/90ml等 -晶钻30ml正装, 意大利原装进口Bvlgari宝格丽女士香水持久淡香氛 紫金纯香65ml",2
0.03107154853879745,"卡文克莱香水, 博柏利香水, Chanel香奈儿香水女士淡香氛 粉色邂逅香水100ml",3
0.03107154853879745,"卡文克莱香水, Dior迪奥女士香水Q版5ml小样  香水身体乳  礼盒包装 送手提袋 四件装 白色礼盒, 博柏利香水",3
0.03107154853879745,"Chanel/香奈儿香水小样 香奈儿邂逅绿粉黄色 coco小姐香水女士正品淡香 持久 邂逅白可可五号之水5件套, 意大利原装进口Bvlgari宝格丽女士香水持久淡香氛 紫金纯香65ml",2
0.03107154853879745,"宝格丽女士香水,  CHANEL香奈儿邂逅机会EDP女士香水100ml 黄色机遇持久浓香 ",2
0.03107154853879745,"卡文克莱香水, 迪奥香水, CK因为你香水IN2U喜欢你50ml/100ml/150ml等 -因为你女香100ml",3
0.03107154853879745,"博士淡香水, 古驰GUCCI女士香水 罪爱淡香氛 古驰罪爱75ml",2
0.03107154853879745,"宝格丽女士香水, 古驰香水",2
0.03107154853879745,"宝格丽女士香水, 范思哲香水",2
0.03107154853879745,"安娜苏香水, 卡文克莱香水, 博柏利香水, 迪奥香水",4
0.03107154853879745,"雅芳香氛喷雾香水50ml 送小黑裙身体乳香氛香水 小黑裙50ML送小黑裙身体乳, Dior迪奥女士香水女人生日礼物 迪奥小甜心小姐 真我女士香水发香雾迪奥真我发香喷雾 迪奥 迪奥真我发香雾30ml送礼盒无货预定中",2
0.03107154853879745,"卡文克莱香水, 迪奥香水, 香奈儿可可小姐淡香水（瓶装）",3
0.030903594222371517,"范思哲香水, 卡文克莱香水, 迪奥香水",3
0.030903594222371517,"卡文克莱香水, Chanel香奈儿COCO可可小姐女士淡香水100ml, 兰蔻香水",3
0.030903594222371517," CHANEL香奈儿邂逅机会EDP女士香水100ml 黄色机遇持久浓香 , LANVIN浪凡我愿意女士香水/Marry me嫁给我 -30ml",2
0.030903594222371517,"专柜正品chanel香奈儿coco可可小姐香水女士香氛 摩登coco浓香EDP100ml,  CHANEL香奈儿邂逅机会EDP女士香水100ml 黄色机遇持久浓香 ",2
0.030903594222371517,"卡文克莱香水, 祖玛珑香水, Chanel香奈儿香水女士淡香氛 5号之水EDT淡香100ml(新版)",3
0.030903594222371517,"浪凡香水,  CHANEL香奈儿邂逅机会EDP女士香水100ml 黄色机遇持久浓香 ",2
0.030903594222371517,"迪奥香水, 兰蔻香水, 菲拉格慕香水",3
0.030903594222371517,"VERSACE范思哲晶钻 黑钻 幻影金钻 香恋明亮水晶5/30/50/90ml等 -晶钻30ml正装, Dior迪奥女士香水女人生日礼物 迪奥小甜心小姐 真我女士香水发香雾迪奥真我发香喷雾 迪奥 迪奥真我发香雾30ml送礼盒无货预定中",2
0.030903594222371517,"美奥迪菲MYOSOTIS 豪华装法国女士香水夜用30ml清新持久淡香买一送7 红唇豪华版30毫升, Chanel香奈儿香水女士淡香氛 5号之水EDT淡香100ml(新版)",2
0.030903594222371517,"Dior迪奥女士香水女人生日礼物 迪奥小甜心小姐 真我女士香水发香雾迪奥真我发香喷雾 迪奥 迪奥真我发香雾30ml送礼盒无货预定中, 意大利原装进口Bvlgari宝格丽女士香水持久淡香氛 紫金纯香65ml",2
0.030903594222371517,"浪凡香水, 阿玛尼ARMANI 挚爱女士香水EDP 1.5ml*3",2
0.030903594222371517,"Dior迪奥真我香水女士 -100ml淡香水EDT, 【跨新年抢先购】精美礼盒晨露女士香水50ml持久清新淡香海洋香调 绿色",2
0.030903594222371517,"范思哲香水, CK因为你香水IN2U喜欢你50ml/100ml/150ml等 -因为你女香100ml",2
0.030903594222371517,"博士淡香水, 菲拉格慕 甜心魔力/梦中情人女士淡香水 100ml",2
0.030903594222371517,"美奥迪菲MYOSOTIS 豪华装法国女士香水夜用30ml清新持久淡香买一送7 红唇豪华版30毫升, 古驰香水",2
0.030903594222371517,"普拉达香水, 阿玛尼Gio寄情水男士淡香水 50ML",2
0.030903594222371517,"Dior迪奥真我香水女士 -100ml淡香水EDT, 雅芳香氛喷雾香水50ml 送小黑裙身体乳香氛香水 小黑裙50ML送小黑裙身体乳",2
0.030903594222371517,"专柜正品chanel香奈儿coco可可小姐香水女士香氛 摩登coco浓香EDP100ml, LANVIN浪凡我愿意女士香水/Marry me嫁给我 -30ml",2
0.030903594222371517,"阿玛尼Gio寄情水男士淡香水 50ML, 香奈儿可可小姐淡香水（瓶装）",2
0.030903594222371517,"专柜正品chanel香奈儿coco可可小姐香水女士香氛 摩登coco浓香EDP100ml, 菲拉格慕 甜心魔力/梦中情人女士淡香水 100ml",2
0.03073563990594558,"Gucci古驰花之舞花园系列女香之 栀子花/柑橘/紫罗兰等 -30ml栀子花正装, 阿玛尼Gio寄情水男士淡香水 50ML",2
0.03073563990594558,"美奥迪菲MYOSOTIS 豪华装法国女士香水夜用30ml清新持久淡香买一送7 红唇豪华版30毫升, 马克.雅可布香水",2
0.03073563990594558,"迪奥（Dior/CD）香水女士 迪奥粉红魅惑香水女士100ml, 美奥迪菲MYOSOTIS 豪华装法国女士香水夜用30ml清新持久淡香买一送7 红唇豪华版30毫升",2
0.03073563990594558,"Dior迪奥真我香水女士 -100ml淡香水EDT, 菲拉格慕 甜心魔力/梦中情人女士淡香水 100ml",2
0.03073563990594558,"卡文克莱香水, 迪奥香水, Dior迪奥女士香水女人生日礼物 迪奥小甜心小姐 真我女士香水发香雾迪奥真我发香喷雾 迪奥 迪奥真我发香雾30ml送礼盒无货预定中",3
0.03073563990594558,"卡文克莱香水, 博柏利香水, Dior迪奥女士香水女人生日礼物 迪奥小甜心小姐 真我女士香水发香雾迪奥真我发香喷雾 迪奥 迪奥真我发香雾30ml送礼盒无货预定中",3
0.03073563990594558,"卡文克莱香水, 迪奥香水, 【跨新年抢先购】精美礼盒晨露女士香水50ml持久清新淡香海洋香调 绿色",3
0.03073563990594558,"卡文克莱香水, Gucci古驰花之舞花园系列女香之 栀子花/柑橘/紫罗兰等 -30ml栀子花正装, 迪奥香水",3
0.03073563990594558,"卡文克莱香水, 菲拉格慕香水, CK因为你香水IN2U喜欢你50ml/100ml/150ml等 -因为你女香100ml",3
0.03073563990594558,"迪奥（Dior/CD）香水女士 迪奥粉红魅惑香水女士100ml, Chanel/香奈儿香水小样 香奈儿邂逅绿粉黄色 coco小姐香水女士正品淡香 持久 邂逅白可可五号之水5件套",2
0.03073563990594558,"卡文克莱香水, 博柏利香水, Chanel香奈儿香水女士淡香氛 5号之水EDT淡香100ml(新版)",3
0.03056768558951965,"古驰香水, 范思哲香水",2
0.03056768558951965,"卡文克莱香水, VERSACE范思哲晶钻 黑钻 幻影金钻 香恋明亮水晶5/30/50/90ml等 -晶钻30ml正装, 博柏利香水",3
0.03056768558951965," CHANEL香奈儿邂逅机会EDP女士香水100ml 黄色机遇持久浓香 , 香奈儿可可小姐淡香水（瓶装）",2
0.03056768558951965,"浪凡香水, 卡文克莱香水, 祖玛珑香水",3
0.03056768558951965,"迪奥Dior香水 真我女士浓香100ML, 古驰香水",2
0.03056768558951965,"Gucci古驰花之舞花园系列女香之 栀子花/柑橘/紫罗兰等 -30ml栀子花正装, 迪奥Dior香水 真我女士浓香100ML",2
0.03056768558951965,"Dior迪奥真我香水女士 -100ml淡香水EDT, Dior克丽丝汀迪奥女士香水 持久淡香氛 真我EDP浓香50ml(京东发货)",2
0.03056768558951965,"卡文克莱香水, 博柏利香水, 【跨新年抢先购】精美礼盒晨露女士香水50ml持久清新淡香海洋香调 绿色",3
0.03056768558951965,"Dior克丽丝汀迪奥女士香水 持久淡香氛 真我EDP浓香50ml(京东发货), Gucci古驰花之舞花园系列女香之 栀子花/柑橘/紫罗兰等 -30ml栀子花正装",2
0.03056768558951965,"Chanel香奈儿香水女士淡香氛 5号之水EDT淡香100ml(新版), Dior迪奥女士香水女人生日礼物 迪奥小甜心小姐 真我女士香水发香雾迪奥真我发香喷雾 迪奥 迪奥真我发香雾30ml送礼盒无货预定中",2
0.03056768558951965,"专柜正品chanel香奈儿coco可可小姐香水女士香氛 摩登coco浓香EDP100ml, 意大利原装进口Bvlgari宝格丽女士香水持久淡香氛 紫金纯香65ml",2
0.03056768558951965,"马克.雅可布香水, 香奈儿可可小姐淡香水（瓶装）",2
0.03056768558951965,"【跨新年抢先购】精美礼盒晨露女士香水50ml持久清新淡香海洋香调 绿色, 意大利原装进口Bvlgari宝格丽女士香水持久淡香氛 紫金纯香65ml",2
0.03056768558951965,"Chanel/香奈儿香水小样 香奈儿邂逅绿粉黄色 coco小姐香水女士正品淡香 持久 邂逅白可可五号之水5件套, 迪奥Dior香水 真我女士浓香100ML",2
0.03056768558951965,"VERSACE范思哲晶钻 黑钻 幻影金钻 香恋明亮水晶5/30/50/90ml等 -晶钻30ml正装, 【跨新年抢先购】精美礼盒晨露女士香水50ml持久清新淡香海洋香调 绿色",2
0.03056768558951965,"马克.雅可布香水, LANVIN浪凡我愿意女士香水/Marry me嫁给我 -30ml",2
0.03056768558951965,"卡文克莱香水, Chanel香奈儿COCO可可小姐女士淡香水100ml, 祖玛珑香水",3
0.030399731273093717,"卡文克莱香水, 迪奥香水, Chanel香奈儿香水女士淡香氛 5号之水EDT淡香100ml(新版)",3
0.030399731273093717,"VERSACE范思哲晶钻 黑钻 幻影金钻 香恋明亮水晶5/30/50/90ml等 -晶钻30ml正装, 阿玛尼Gio寄情水男士淡香水 50ML",2
0.030399731273093717,"Dior克丽丝汀迪奥女士香水 持久淡香氛 真我EDP浓香50ml(京东发货), 卡文克莱香水, 迪奥香水",3
0.030399731273093717,"VERSACE范思哲晶钻 黑钻 幻影金钻 香恋明亮水晶5/30/50/90ml等 -晶钻30ml正装, 菲拉格慕 甜心魔力/梦中情人女士淡香水 100ml",2
0.030399731273093717,"雅芳香氛喷雾香水50ml 送小黑裙身体乳香氛香水 小黑裙50ML送小黑裙身体乳, 古驰香水",2
0.030399731273093717,"菲拉格慕 甜心魔力/梦中情人女士淡香水 100ml, Chanel香奈儿COCO可可小姐女士淡香水100ml",2
0.030399731273093717,"美奥迪菲MYOSOTIS 豪华装法国女士香水夜用30ml清新持久淡香买一送7 红唇豪华版30毫升, 卡文克莱香水, 菲拉格慕香水",3
0.030399731273093717,"迪奥（Dior/CD）香水女士 迪奥粉红魅惑香水女士100ml, 卡文克莱香水, 迪奥香水",3
0.030399731273093717,"迪奥（Dior/CD）香水女士 迪奥粉红魅惑香水女士100ml, 卡文克莱香水, 兰蔻香水",3
0.030399731273093717,"Dior克丽丝汀迪奥女士香水 持久淡香氛 真我EDP浓香50ml(京东发货), Chanel/香奈儿香水小样 香奈儿邂逅绿粉黄色 coco小姐香水女士正品淡香 持久 邂逅白可可五号之水5件套",2
0.030399731273093717,"博士淡香水, 古驰香水",2
0.030399731273093717,"卡文克莱香水, 马克.雅可布香水, 博柏利香水",3
0.030399731273093717,"古驰香水, Dior迪奥女士香水女人生日礼物 迪奥小甜心小姐 真我女士香水发香雾迪奥真我发香喷雾 迪奥 迪奥真我发香雾30ml送礼盒无货预定中",2
0.030399731273093717,"宝格丽女士香水, 迪奥Dior香水 真我女士浓香100ML",2
0.030399731273093717,"迪奥（Dior/CD）香水女士 迪奥粉红魅惑香水女士100ml, 意大利原装进口Bvlgari宝格丽女士香水持久淡香氛 紫金纯香65ml",2
0.030399731273093717,"卡文克莱香水, VERSACE范思哲晶钻 黑钻 幻影金钻 香恋明亮水晶5/30/50/90ml等 -晶钻30ml正装, 菲拉格慕香水",3
0.030399731273093717,"浪凡香水, 卡文克莱香水, 博柏利香水",3
0.030399731273093717,"卡文克莱香水,  CHANEL香奈儿邂逅机会EDP女士香水100ml 黄色机遇持久浓香 , 祖玛珑香水",3
0.030231776956667785,"宝格丽女士香水, 卡文克莱香水, 祖玛珑香水",3
0.030231776956667785,"Gucci古驰花之舞花园系列女香之 栀子花/柑橘/紫罗兰等 -30ml栀子花正装, 意大利原装进口Bvlgari宝格丽女士香水持久淡香氛 紫金纯香65ml",2
0.030231776956667785,"Gucci古驰花之舞花园系列女香之 栀子花/柑橘/紫罗兰等 -30ml栀子花正装, 【跨新年抢先购】精美礼盒晨露女士香水50ml持久清新淡香海洋香调 绿色",2
0.030231776956667785,"迪奥（Dior/CD）香水女士 迪奥粉红魅惑香水女士100ml, 范思哲香水",2
0.030231776956667785,"Dior迪奥真我香水女士 -100ml淡香水EDT, 浪凡香水",2
0.030231776956667785,"Dior克丽丝汀迪奥女士香水 持久淡香氛 真我EDP浓香50ml(京东发货), 阿玛尼ARMANI 挚爱女士香水EDP 1.5ml*3",2
0.030231776956667785,"博士淡香水, Dior迪奥女士香水Q版5ml小样  香水身体乳  礼盒包装 送手提袋 四件装 白色礼盒",2
0.030231776956667785,"迪奥Dior香水 真我女士浓香100ML, LANVIN浪凡我愿意女士香水/Marry me嫁给我 -30ml",2
0.030231776956667785,"卡文克莱香水, Chanel/香奈儿香水小样 香奈儿邂逅绿粉黄色 coco小姐香水女士正品淡香 持久 邂逅白可可五号之水5件套, 祖玛珑香水",3
0.030231776956667785,"专柜正品chanel香奈儿coco可可小姐香水女士香氛 摩登coco浓香EDP100ml, 万宝龙传奇女士香水 30ml",2
0.030231776956667785,"卡文克莱香水, 祖玛珑香水, 香奈儿可可小姐淡香水（瓶装）",3
0.030231776956667785,"阿玛尼Gio寄情水男士淡香水 50ML, 卡文克莱香水, 迪奥香水",3
0.030231776956667785,"VERSACE范思哲晶钻 黑钻 幻影金钻 香恋明亮水晶5/30/50/90ml等 -晶钻30ml正装, Chanel香奈儿COCO可可小姐女士淡香水100ml",2
0.030231776956667785,"博士淡香水,  CHANEL香奈儿邂逅机会EDP女士香水100ml 黄色机遇持久浓香 ",2
0.030231776956667785,"Dior克丽丝汀迪奥女士香水 持久淡香氛 真我EDP浓香50ml(京东发货), 意大利原装进口Bvlgari宝格丽女士香水持久淡香氛 紫金纯香65ml",2
0.030231776956667785,"卡文克莱香水, 迪奥Dior香水 真我女士浓香100ML, 博柏利香水",3
0.030231776956667785,"Gucci古驰花之舞花园系列女香之 栀子花/柑橘/紫罗兰等 -30ml栀子花正装,  CHANEL香奈儿邂逅机会EDP女士香水100ml 黄色机遇持久浓香 ",2
0.030063822640241853,"Dior迪奥真我香水女士 -100ml淡香水EDT, 香奈儿可可小姐淡香水（瓶装）",2
0.030063822640241853,"马克.雅可布香水, 范思哲香水",2
0.030063822640241853,"博士淡香水, 马克.雅可布香水",2
0.030063822640241853,"范思哲香水, 阿玛尼Gio寄情水男士淡香水 50ML",2
0.030063822640241853,"Chanel香奈儿COCO可可小姐女士淡香水100ml, 意大利原装进口Bvlgari宝格丽女士香水持久淡香氛 紫金纯香65ml",2
0.030063822640241853,"Dior克丽丝汀迪奥女士香水 持久淡香氛 真我EDP浓香50ml(京东发货), 菲拉格慕 甜心魔力/梦中情人女士淡香水 100ml",2
0.030063822640241853,"迪奥Dior香水 真我女士浓香100ML, 香奈儿可可小姐淡香水（瓶装）",2
0.030063822640241853,"Dior迪奥真我香水女士 -100ml淡香水EDT, 卡文克莱香水, 兰蔻香水",3
0.030063822640241853,"浪凡香水, 意大利原装进口Bvlgari宝格丽女士香水持久淡香氛 紫金纯香65ml",2
0.030063822640241853,"迪奥（Dior/CD）香水女士 迪奥粉红魅惑香水女士100ml, Dior迪奥女士香水Q版5ml小样  香水身体乳  礼盒包装 送手提袋 四件装 白色礼盒",2
0.030063822640241853,"美奥迪菲MYOSOTIS 豪华装法国女士香水夜用30ml清新持久淡香买一送7 红唇豪华版30毫升, Gucci古驰花之舞花园系列女香之 栀子花/柑橘/紫罗兰等 -30ml栀子花正装",2
0.030063822640241853," CHANEL香奈儿邂逅机会EDP女士香水100ml 黄色机遇持久浓香 , 马克.雅可布香水",2
0.030063822640241853,"古驰香水, 【跨新年抢先购】精美礼盒晨露女士香水50ml持久清新淡香海洋香调 绿色",2
0.030063822640241853,"宝格丽女士香水, 【跨新年抢先购】精美礼盒晨露女士香水50ml持久清新淡香海洋香调 绿色",2
0.030063822640241853,"美奥迪菲MYOSOTIS 豪华装法国女士香水夜用30ml清新持久淡香买一送7 红唇豪华版30毫升, VERSACE范思哲晶钻 黑钻 幻影金钻 香恋明亮水晶5/30/50/90ml等 -晶钻30ml正装",2
0.030063822640241853,"祖玛珑香水, 兰蔻香水, 菲拉格慕香水",3
0.030063822640241853,"菲拉格慕 甜心魔力/梦中情人女士淡香水 100ml, 意大利原装进口Bvlgari宝格丽女士香水持久淡香氛 紫金纯香65ml",2
0.02989586832381592,"古驰香水, 香奈儿可可小姐淡香水（瓶装）",2
0.02989586832381592,"迪奥Dior香水 真我女士浓香100ML, 意大利原装进口Bvlgari宝格丽女士香水持久淡香氛 紫金纯香65ml",2
0.02989586832381592,"专柜正品chanel香奈儿coco可可小姐香水女士香氛 摩登coco浓香EDP100ml, 马克.雅可布香水",2
0.02989586832381592,"卡文克莱香水, 菲拉格慕 甜心魔力/梦中情人女士淡香水 100ml, 祖玛珑香水",3
0.02989586832381592,"VERSACE范思哲晶钻 黑钻 幻影金钻 香恋明亮水晶5/30/50/90ml等 -晶钻30ml正装, 香奈儿可可小姐淡香水（瓶装）",2
0.02989586832381592,"浪凡香水, Chanel/香奈儿香水小样 香奈儿邂逅绿粉黄色 coco小姐香水女士正品淡香 持久 邂逅白可可五号之水5件套",2
0.02989586832381592,"Chanel/香奈儿香水小样 香奈儿邂逅绿粉黄色 coco小姐香水女士正品淡香 持久 邂逅白可可五号之水5件套, 万宝龙传奇女士香水 30ml",2
0.02989586832381592,"万宝龙传奇女士香水 30ml, 意大利原装进口Bvlgari宝格丽女士香水持久淡香氛 紫金纯香65ml",2
0.02989586832381592,"LANVIN浪凡我愿意女士香水/Marry me嫁给我 -30ml, 意大利原装进口Bvlgari宝格丽女士香水持久淡香氛 紫金纯香65ml",2
0.02989586832381592,"万宝龙传奇女士香水 30ml, 范思哲香水",2
0.02989586832381592,"Gucci古驰花之舞花园系列女香之 栀子花/柑橘/紫罗兰等 -30ml栀子花正装, 香奈儿可可小姐淡香水（瓶装）",2
0.02989586832381592,"【跨新年抢先购】精美礼盒晨露女士香水50ml持久清新淡香海洋香调 绿色, Chanel香奈儿香水女士淡香氛 粉色邂逅香水100ml",2
0.02989586832381592,"古驰香水, Chanel香奈儿COCO可可小姐女士淡香水100ml",2
0.02989586832381592,"迪奥Dior香水 真我女士浓香100ML, 范思哲香水",2
0.02989586832381592,"Dior克丽丝汀迪奥女士香水 持久淡香氛 真我EDP浓香50ml(京东发货), Chanel香奈儿香水女士淡香氛 5号之水EDT淡香100ml(新版)",2
0.02989586832381592,"卡文克莱香水, 博柏利香水, LANVIN浪凡我愿意女士香水/Marry me嫁给我 -30ml",3
0.02989586832381592,"Dior克丽丝汀迪奥女士香水 持久淡香氛 真我EDP浓香50ml(京东发货), 古驰香水",2
0.02989586832381592,"卡文克莱香水, 博柏利香水, CK因为你香水IN2U喜欢你50ml/100ml/150ml等 -因为你女香100ml",3
0.02972791400738999,"迪奥（Dior/CD）香水女士 迪奥粉红魅惑香水女士100ml, 【跨新年抢先购】精美礼盒晨露女士香水50ml持久清新淡香海洋香调 绿色",2
0.02972791400738999,"菲拉格慕 甜心魔力/梦中情人女士淡香水 100ml, LANVIN浪凡我愿意女士香水/Marry me嫁给我 -30ml",2
0.02972791400738999,"宝格丽女士香水, 香奈儿可可小姐淡香水（瓶装）",2
0.02972791400738999,"普拉达香水, Dior迪奥女士香水女人生日礼物 迪奥小甜心小姐 真我女士香水发香雾迪奥真我发香喷雾 迪奥 迪奥真我发香雾30ml送礼盒无货预定中",2
0.02972791400738999,"浪凡香水, 范思哲香水",2
0.02972791400738999,"浪凡香水, CK因为你香水IN2U喜欢你50ml/100ml/150ml等 -因为你女香100ml",2
0.02972791400738999,"Chanel香奈儿香水女士淡香氛 5号之水EDT淡香100ml(新版), LANVIN浪凡我愿意女士香水/Marry me嫁给我 -30ml",2
0.02972791400738999,"美奥迪菲MYOSOTIS 豪华装法国女士香水夜用30ml清新持久淡香买一送7 红唇豪华版30毫升, 意大利原装进口Bvlgari宝格丽女士香水持久淡香氛 紫金纯香65ml",2
0.02972791400738999,"迪奥（Dior/CD）香水女士 迪奥粉红魅惑香水女士100ml, 博士淡香水",2
0.02972791400738999,"Dior迪奥真我香水女士 -100ml淡香水EDT, VERSACE范思哲晶钻 黑钻 幻影金钻 香恋明亮水晶5/30/50/90ml等 -晶钻30ml正装",2
0.02972791400738999,"宝格丽女士香水, LANVIN浪凡我愿意女士香水/Marry me嫁给我 -30ml",2
0.02972791400738999,"卡文克莱香水, 普拉达香水, 博柏利香水",3
0.02972791400738999,"卡文克莱香水, 兰蔻香水, CK因为你香水IN2U喜欢你50ml/100ml/150ml等 -因为你女香100ml",3
0.02972791400738999,"【跨新年抢先购】精美礼盒晨露女士香水50ml持久清新淡香海洋香调 绿色, Dior迪奥女士香水女人生日礼物 迪奥小甜心小姐 真我女士香水发香雾迪奥真我发香喷雾 迪奥 迪奥真我发香雾30ml送礼盒无货预定中",2
0.02972791400738999,"宝格丽女士香水, Gucci古驰花之舞花园系列女香之 栀子花/柑橘/紫罗兰等 -30ml栀子花正装",2
0.02972791400738999,"美奥迪菲MYOSOTIS 豪华装法国女士香水夜用30ml清新持久淡香买一送7 红唇豪华版30毫升, 卡文克莱香水, 兰蔻香水",3
0.02972791400738999,"安娜苏香水, 范思哲香水, 博柏利香水",3
0.02972791400738999,"Dior迪奥女士香水女人生日礼物 迪奥小甜心小姐 真我女士香水发香雾迪奥真我发香喷雾 迪奥 迪奥真我发香雾30ml送礼盒无货预定中, CK因为你香水IN2U喜欢你50ml/100ml/150ml等 -因为你女香100ml",2
0.02972791400738999,"卡文克莱香水, 雅芳香氛喷雾香水50ml 送小黑裙身体乳香氛香水 小黑裙50ML送小黑裙身体乳, 祖玛珑香水",3
0.02972791400738999,"专柜正品chanel香奈儿coco可可小姐香水女士香氛 摩登coco浓香EDP100ml, Dior迪奥女士香水女人生日礼物 迪奥小甜心小姐 真我女士香水发香雾迪奥真我发香喷雾 迪奥 迪奥真我发香雾30ml送礼盒无货预定中",2
0.029559959690964057," CHANEL香奈儿邂逅机会EDP女士香水100ml 黄色机遇持久浓香 , Chanel香奈儿COCO可可小姐女士淡香水100ml",2
0.029559959690964057,"VERSACE范思哲晶钻 黑钻 幻影金钻 香恋明亮水晶5/30/50/90ml等 -晶钻30ml正装, 迪奥Dior香水 真我女士浓香100ML",2
0.029559959690964057,"Dior迪奥真我香水女士 -100ml淡香水EDT, 卡文克莱香水, 迪奥香水",3
0.029559959690964057,"古驰香水, 马克.雅可布香水",2
0.029559959690964057,"迪奥（Dior/CD）香水女士 迪奥粉红魅惑香水女士100ml, LANVIN浪凡我愿意女士香水/Marry me嫁给我 -30ml",2
0.029559959690964057,"美奥迪菲MYOSOTIS 豪华装法国女士香水夜用30ml清新持久淡香买一送7 红唇豪华版30毫升, LANVIN浪凡我愿意女士香水/Marry me嫁给我 -30ml",2
0.029559959690964057,"专柜正品chanel香奈儿coco可可小姐香水女士香氛 摩登coco浓香EDP100ml, Chanel香奈儿COCO可可小姐女士淡香水100ml",2
0.029559959690964057,"Gucci古驰花之舞花园系列女香之 栀子花/柑橘/紫罗兰等 -30ml栀子花正装, 博士淡香水",2
0.029559959690964057,"卡文克莱香水, 范思哲香水, 兰蔻香水",3
0.029559959690964057,"Dior迪奥真我香水女士 -100ml淡香水EDT, 卡文克莱香水, 祖玛珑香水",3
0.029559959690964057,"卡文克莱香水, Chanel香奈儿COCO可可小姐女士淡香水100ml, 菲拉格慕香水",3
0.029559959690964057,"Dior迪奥女士香水Q版5ml小样  香水身体乳  礼盒包装 送手提袋 四件装 白色礼盒, 万宝龙传奇女士香水 30ml",2
0.029559959690964057,"雅芳香氛喷雾香水50ml 送小黑裙身体乳香氛香水 小黑裙50ML送小黑裙身体乳, 香奈儿可可小姐淡香水（瓶装）",2
0.029559959690964057,"卡文克莱香水, 博士淡香水, 迪奥香水",3
0.029559959690964057," CHANEL香奈儿邂逅机会EDP女士香水100ml 黄色机遇持久浓香 , 范思哲香水",2
0.029559959690964057,"古驰香水, 阿玛尼Gio寄情水男士淡香水 50ML",2
0.029559959690964057,"香奈儿可可小姐淡香水（瓶装）, 意大利原装进口Bvlgari宝格丽女士香水持久淡香氛 紫金纯香65ml",2
0.029559959690964057,"VERSACE范思哲晶钻 黑钻 幻影金钻 香恋明亮水晶5/30/50/90ml等 -晶钻30ml正装, LANVIN浪凡我愿意女士香水/Marry me嫁给我 -30ml",2
0.029559959690964057,"浪凡香水, Gucci古驰花之舞花园系列女香之 栀子花/柑橘/紫罗兰等 -30ml栀子花正装",2
0.029559959690964057,"卡文克莱香水, 马克.雅可布香水, 兰蔻香水",3
0.029559959690964057,"美奥迪菲MYOSOTIS 豪华装法国女士香水夜用30ml清新持久淡香买一送7 红唇豪华版30毫升, CK因为你香水IN2U喜欢你50ml/100ml/150ml等 -因为你女香100ml",2
0.029559959690964057,"美奥迪菲MYOSOTIS 豪华装法国女士香水夜用30ml清新持久淡香买一送7 红唇豪华版30毫升, 雅芳香氛喷雾香水50ml 送小黑裙身体乳香氛香水 小黑裙50ML送小黑裙身体乳",2
0.029392005374538125,"安娜苏香水, 博柏利香水, Dior迪奥女士香水女人生日礼物 迪奥小甜心小姐 真我女士香水发香雾迪奥真我发香喷雾 迪奥 迪奥真我发香雾30ml送礼盒无货预定中",3
0.029392005374538125,"Chanel香奈儿香水女士淡香氛 5号之水EDT淡香100ml(新版), Chanel香奈儿香水女士淡香氛 粉色邂逅香水100ml",2
0.029392005374538125,"Chanel/香奈儿香水小样 香奈儿邂逅绿粉黄色 coco小姐香水女士正品淡香 持久 邂逅白可可五号之水5件套, CK因为你香水IN2U喜欢你50ml/100ml/150ml等 -因为你女香100ml",2
0.029392005374538125,"卡文克莱香水, 迪奥香水, Chanel香奈儿COCO可可小姐女士淡香水100ml",3
0.029392005374538125,"专柜正品chanel香奈儿coco可可小姐香水女士香氛 摩登coco浓香EDP100ml, Dior迪奥女士香水Q版5ml小样  香水身体乳  礼盒包装 送手提袋 四件装 白色礼盒",2
0.029392005374538125,"宝格丽女士香水, 意大利原装进口Bvlgari宝格丽女士香水持久淡香氛 紫金纯香65ml",2
0.029392005374538125,"Chanel香奈儿香水女士淡香氛 5号之水EDT淡香100ml(新版), Chanel香奈儿COCO可可小姐女士淡香水100ml",2
0.029392005374538125,"Chanel/香奈儿香水小样 香奈儿邂逅绿粉黄色 coco小姐香水女士正品淡香 持久 邂逅白可可五号之水5件套, 范思哲香水",2
0.029392005374538125,"Dior克丽丝汀迪奥女士香水 持久淡香氛 真我EDP浓香50ml(京东发货), LANVIN浪凡我愿意女士香水/Marry me嫁给我 -30ml",2
0.029392005374538125,"浪凡香水, 专柜正品chanel香奈儿coco可可小姐香水女士香氛 摩登coco浓香EDP100ml",2
0.029392005374538125,"美奥迪菲MYOSOTIS 豪华装法国女士香水夜用30ml清新持久淡香买一送7 红唇豪华版30毫升, 卡文克莱香水, 博柏利香水",3
0.029392005374538125,"迪奥Dior香水 真我女士浓香100ML, Chanel香奈儿香水女士淡香氛 粉色邂逅香水100ml",2
0.029392005374538125,"马克.雅可布香水, 菲拉格慕 甜心魔力/梦中情人女士淡香水 100ml",2
0.029392005374538125,"迪奥Dior香水 真我女士浓香100ML, 阿玛尼Gio寄情水男士淡香水 50ML",2
0.029392005374538125,"Chanel/香奈儿香水小样 香奈儿邂逅绿粉黄色 coco小姐香水女士正品淡香 持久 邂逅白可可五号之水5件套, Chanel香奈儿COCO可可小姐女士淡香水100ml",2
0.029392005374538125,"卡文克莱香水, Gucci古驰花之舞花园系列女香之 栀子花/柑橘/紫罗兰等 -30ml栀子花正装, 祖玛珑香水",3
0.029392005374538125,"Gucci古驰花之舞花园系列女香之 栀子花/柑橘/紫罗兰等 -30ml栀子花正装, 雅芳香氛喷雾香水50ml 送小黑裙身体乳香氛香水 小黑裙50ML送小黑裙身体乳",2
0.029392005374538125,"阿玛尼Gio寄情水男士淡香水 50ML, Chanel香奈儿香水女士淡香氛 粉色邂逅香水100ml",2
0.029392005374538125,"卡文克莱香水, 【跨新年抢先购】精美礼盒晨露女士香水50ml持久清新淡香海洋香调 绿色, 祖玛珑香水",3
0.029392005374538125,"卡文克莱香水, 万宝龙传奇女士香水 30ml, 博柏利香水",3
0.029392005374538125,"Chanel香奈儿香水女士淡香氛 5号之水EDT淡香100ml(新版), 香奈儿可可小姐淡香水（瓶装）",2
0.029392005374538125,"Dior迪奥女士香水女人生日礼物 迪奥小甜心小姐 真我女士香水发香雾迪奥真我发香喷雾 迪奥 迪奥真我发香雾30ml送礼盒无货预定中, Chanel香奈儿香水女士淡香氛 粉色邂逅香水100ml",2
0.029392005374538125,"美奥迪菲MYOSOTIS 豪华装法国女士香水夜用30ml清新持久淡香买一送7 红唇豪华版30毫升, 浪凡香水",2
0.029392005374538125,"宝格丽女士香水, Chanel香奈儿COCO可可小姐女士淡香水100ml",2
0.029224051058112193,"Dior迪奥真我香水女士 -100ml淡香水EDT, 古驰香水",2
0.029224051058112193,"宝格丽女士香水, 卡文克莱香水, 兰蔻香水",3
0.029224051058112193,"博士淡香水, Chanel香奈儿COCO可可小姐女士淡香水100ml",2
0.029224051058112193,"卡文克莱香水, 雅芳香氛喷雾香水50ml 送小黑裙身体乳香氛香水 小黑裙50ML送小黑裙身体乳, 兰蔻香水",3
0.029224051058112193,"卡文克莱香水, 阿玛尼Gio寄情水男士淡香水 50ML, 兰蔻香水",3
0.029224051058112193,"Gucci古驰花之舞花园系列女香之 栀子花/柑橘/紫罗兰等 -30ml栀子花正装, 专柜正品chanel香奈儿coco可可小姐香水女士香氛 摩登coco浓香EDP100ml",2
0.029224051058112193,"浪凡香水, 菲拉格慕 甜心魔力/梦中情人女士淡香水 100ml",2
0.029224051058112193,"浪凡香水, 古驰香水",2
0.029224051058112193,"卡文克莱香水, VERSACE范思哲晶钻 黑钻 幻影金钻 香恋明亮水晶5/30/50/90ml等 -晶钻30ml正装, 兰蔻香水",3
0.029224051058112193,"卡文克莱香水, 【跨新年抢先购】精美礼盒晨露女士香水50ml持久清新淡香海洋香调 绿色, 菲拉格慕香水",3
0.029224051058112193,"Gucci古驰花之舞花园系列女香之 栀子花/柑橘/紫罗兰等 -30ml栀子花正装, VERSACE范思哲晶钻 黑钻 幻影金钻 香恋明亮水晶5/30/50/90ml等 -晶钻30ml正装",2
0.029224051058112193,"Dior迪奥真我香水女士 -100ml淡香水EDT, Dior迪奥女士香水女人生日礼物 迪奥小甜心小姐 真我女士香水发香雾迪奥真我发香喷雾 迪奥 迪奥真我发香雾30ml送礼盒无货预定中",2
0.029224051058112193,"Gucci古驰花之舞花园系列女香之 栀子花/柑橘/紫罗兰等 -30ml栀子花正装, 古驰GUCCI女士香水 罪爱淡香氛 古驰罪爱75ml",2
0.029224051058112193,"范思哲香水, 菲拉格慕 甜心魔力/梦中情人女士淡香水 100ml",2
0.029224051058112193,"卡文克莱香水, 博士淡香水, 菲拉格慕香水",3
0.029224051058112193,"美奥迪菲MYOSOTIS 豪华装法国女士香水夜用30ml清新持久淡香买一送7 红唇豪华版30毫升, Chanel香奈儿香水女士淡香氛 粉色邂逅香水100ml",2
0.029224051058112193,"菲拉格慕 甜心魔力/梦中情人女士淡香水 100ml, Chanel香奈儿香水女士淡香氛 粉色邂逅香水100ml",2
0.029224051058112193,"万宝龙传奇女士香水 30ml, 菲拉格慕 甜心魔力/梦中情人女士淡香水 100ml",2
0.029224051058112193,"浪凡香水, Dior克丽丝汀迪奥女士香水 持久淡香氛 真我EDP浓香50ml(京东发货)",2
0.029224051058112193,"香奈儿可可小姐淡香水（瓶装）, 阿玛尼ARMANI 挚爱女士香水EDP 1.5ml*3",2
0.029224051058112193,"马克.雅可布香水, 阿玛尼ARMANI 挚爱女士香水EDP 1.5ml*3",2
0.029224051058112193,"卡文克莱香水, 博柏利香水, 古驰GUCCI女士香水 罪爱淡香氛 古驰罪爱75ml",3
0.029224051058112193,"阿玛尼Gio寄情水男士淡香水 50ML, CK因为你香水IN2U喜欢你50ml/100ml/150ml等 -因为你女香100ml",2
0.029224051058112193,"卡文克莱香水, 博士淡香水, 兰蔻香水",3
0.029224051058112193,"Dior克丽丝汀迪奥女士香水 持久淡香氛 真我EDP浓香50ml(京东发货), 卡文克莱香水, 博柏利香水",3
0.02905609674168626,"Dior克丽丝汀迪奥女士香水 持久淡香氛 真我EDP浓香50ml(京东发货), Dior迪奥女士香水女人生日礼物 迪奥小甜心小姐 真我女士香水发香雾迪奥真我发香喷雾 迪奥 迪奥真我发香雾30ml送礼盒无货预定中",2
0.02905609674168626,"范思哲香水, LANVIN浪凡我愿意女士香水/Marry me嫁给我 -30ml",2
0.02905609674168626,"Dior迪奥女士香水Q版5ml小样  香水身体乳  礼盒包装 送手提袋 四件装 白色礼盒, Chanel香奈儿香水女士淡香氛 粉色邂逅香水100ml",2
0.02905609674168626,"Dior克丽丝汀迪奥女士香水 持久淡香氛 真我EDP浓香50ml(京东发货), Dior迪奥女士香水Q版5ml小样  香水身体乳  礼盒包装 送手提袋 四件装 白色礼盒",2
0.02905609674168626,"美奥迪菲MYOSOTIS 豪华装法国女士香水夜用30ml清新持久淡香买一送7 红唇豪华版30毫升, 博士淡香水",2
0.02905609674168626,"浪凡香水, 【跨新年抢先购】精美礼盒晨露女士香水50ml持久清新淡香海洋香调 绿色",2
0.02905609674168626,"迪奥Dior香水 真我女士浓香100ML, 普拉达香水",2
0.02905609674168626,"迪奥（Dior/CD）香水女士 迪奥粉红魅惑香水女士100ml, 浪凡香水",2
0.02905609674168626," CHANEL香奈儿邂逅机会EDP女士香水100ml 黄色机遇持久浓香 , Dior迪奥女士香水女人生日礼物 迪奥小甜心小姐 真我女士香水发香雾迪奥真我发香喷雾 迪奥 迪奥真我发香雾30ml送礼盒无货预定中",2
0.02905609674168626,"Gucci古驰花之舞花园系列女香之 栀子花/柑橘/紫罗兰等 -30ml栀子花正装, 普拉达香水",2
0.02905609674168626,"【跨新年抢先购】精美礼盒晨露女士香水50ml持久清新淡香海洋香调 绿色, LANVIN浪凡我愿意女士香水/Marry me嫁给我 -30ml",2
0.02905609674168626,"阿玛尼Gio寄情水男士淡香水 50ML, 菲拉格慕 甜心魔力/梦中情人女士淡香水 100ml",2
0.02905609674168626,"宝格丽女士香水, 阿玛尼ARMANI 挚爱女士香水EDP 1.5ml*3",2
0.02905609674168626,"范思哲香水, Dior迪奥女士香水女人生日礼物 迪奥小甜心小姐 真我女士香水发香雾迪奥真我发香喷雾 迪奥 迪奥真我发香雾30ml送礼盒无货预定中",2
0.02905609674168626," CHANEL香奈儿邂逅机会EDP女士香水100ml 黄色机遇持久浓香 , 迪奥Dior香水 真我女士浓香100ML",2
0.02905609674168626,"Gucci古驰花之舞花园系列女香之 栀子花/柑橘/紫罗兰等 -30ml栀子花正装, 阿玛尼ARMANI 挚爱女士香水EDP 1.5ml*3",2
0.02888814242526033,"万宝龙传奇女士香水 30ml, Chanel香奈儿COCO可可小姐女士淡香水100ml",2
0.02888814242526033,"卡文克莱香水, 祖玛珑香水, LANVIN浪凡我愿意女士香水/Marry me嫁给我 -30ml",3
0.02888814242526033,"Chanel香奈儿香水女士淡香氛 5号之水EDT淡香100ml(新版), CK因为你香水IN2U喜欢你50ml/100ml/150ml等 -因为你女香100ml",2
0.02888814242526033,"VERSACE范思哲晶钻 黑钻 幻影金钻 香恋明亮水晶5/30/50/90ml等 -晶钻30ml正装, Dior迪奥女士香水Q版5ml小样  香水身体乳  礼盒包装 送手提袋 四件装 白色礼盒",2
0.02888814242526033,"Gucci古驰花之舞花园系列女香之 栀子花/柑橘/紫罗兰等 -30ml栀子花正装, 范思哲香水",2
0.02888814242526033,"Chanel香奈儿COCO可可小姐女士淡香水100ml, 阿玛尼ARMANI 挚爱女士香水EDP 1.5ml*3",2
0.02888814242526033,"卡文克莱香水, 迪奥Dior香水 真我女士浓香100ML, 兰蔻香水",3
0.02888814242526033,"Chanel香奈儿香水女士淡香氛 粉色邂逅香水100ml, 阿玛尼ARMANI 挚爱女士香水EDP 1.5ml*3",2
0.02888814242526033,"卡文克莱香水, 普拉达香水, 菲拉格慕香水",3
0.02888814242526033,"卡文克莱香水, 兰蔻香水, Chanel香奈儿香水女士淡香氛 5号之水EDT淡香100ml(新版)",3
0.02888814242526033,"Gucci古驰花之舞花园系列女香之 栀子花/柑橘/紫罗兰等 -30ml栀子花正装, Chanel香奈儿香水女士淡香氛 5号之水EDT淡香100ml(新版)",2
0.02888814242526033,"卡文克莱香水, 普拉达香水, 迪奥香水",3
0.02888814242526033," CHANEL香奈儿邂逅机会EDP女士香水100ml 黄色机遇持久浓香 , 万宝龙传奇女士香水 30ml",2
0.02888814242526033,"浪凡香水, Chanel香奈儿COCO可可小姐女士淡香水100ml",2
0.02888814242526033,"雅芳香氛喷雾香水50ml 送小黑裙身体乳香氛香水 小黑裙50ML送小黑裙身体乳, 迪奥Dior香水 真我女士浓香100ML",2
0.02888814242526033,"Dior迪奥真我香水女士 -100ml淡香水EDT, 卡文克莱香水, 博柏利香水",3
0.02888814242526033,"卡文克莱香水, 迪奥Dior香水 真我女士浓香100ML, 祖玛珑香水",3
0.02888814242526033,"Dior迪奥真我香水女士 -100ml淡香水EDT, 卡文克莱香水, 菲拉格慕香水",3
0.02888814242526033,"专柜正品chanel香奈儿coco可可小姐香水女士香氛 摩登coco浓香EDP100ml, VERSACE范思哲晶钻 黑钻 幻影金钻 香恋明亮水晶5/30/50/90ml等 -晶钻30ml正装",2
0.02888814242526033,"Chanel/香奈儿香水小样 香奈儿邂逅绿粉黄色 coco小姐香水女士正品淡香 持久 邂逅白可可五号之水5件套,  CHANEL香奈儿邂逅机会EDP女士香水100ml 黄色机遇持久浓香 ",2
0.02888814242526033,"雅芳香氛喷雾香水50ml 送小黑裙身体乳香氛香水 小黑裙50ML送小黑裙身体乳, 阿玛尼Gio寄情水男士淡香水 50ML",2
0.02888814242526033,"Dior克丽丝汀迪奥女士香水 持久淡香氛 真我EDP浓香50ml(京东发货), 阿玛尼Gio寄情水男士淡香水 50ML",2
0.02888814242526033,"迪奥（Dior/CD）香水女士 迪奥粉红魅惑香水女士100ml, 菲拉格慕 甜心魔力/梦中情人女士淡香水 100ml",2
0.02888814242526033,"宝格丽女士香水, Chanel香奈儿香水女士淡香氛 粉色邂逅香水100ml",2
0.02888814242526033,"迪奥（Dior/CD）香水女士 迪奥粉红魅惑香水女士100ml, 宝格丽女士香水",2
0.02888814242526033,"古驰香水, Chanel香奈儿香水女士淡香氛 粉色邂逅香水100ml",2
0.028720188108834397,"Dior迪奥女士香水Q版5ml小样  香水身体乳  礼盒包装 送手提袋 四件装 白色礼盒, 阿玛尼ARMANI 挚爱女士香水EDP 1.5ml*3",2
0.028720188108834397,"美奥迪菲MYOSOTIS 豪华装法国女士香水夜用30ml清新持久淡香买一送7 红唇豪华版30毫升,  CHANEL香奈儿邂逅机会EDP女士香水100ml 黄色机遇持久浓香 ",2
0.028720188108834397,"卡文克莱香水, 【跨新年抢先购】精美礼盒晨露女士香水50ml持久清新淡香海洋香调 绿色, 兰蔻香水",3
0.028720188108834397,"浪凡香水, 迪奥Dior香水 真我女士浓香100ML",2
0.028720188108834397,"Dior迪奥真我香水女士 -100ml淡香水EDT, Chanel香奈儿香水女士淡香氛 5号之水EDT淡香100ml(新版)",2
0.028720188108834397,"宝格丽女士香水, 专柜正品chanel香奈儿coco可可小姐香水女士香氛 摩登coco浓香EDP100ml",2
0.028720188108834397,"卡文克莱香水, 阿玛尼Gio寄情水男士淡香水 50ML, 祖玛珑香水",3
0.028720188108834397,"宝格丽女士香水, 菲拉格慕 甜心魔力/梦中情人女士淡香水 100ml",2
0.028720188108834397,"菲拉格慕 甜心魔力/梦中情人女士淡香水 100ml, Dior迪奥女士香水女人生日礼物 迪奥小甜心小姐 真我女士香水发香雾迪奥真我发香喷雾 迪奥 迪奥真我发香雾30ml送礼盒无货预定中",2
0.028720188108834397,"卡文克莱香水, 雅芳香氛喷雾香水50ml 送小黑裙身体乳香氛香水 小黑裙50ML送小黑裙身体乳, 迪奥香水",3
0.028720188108834397,"Dior迪奥女士香水女人生日礼物 迪奥小甜心小姐 真我女士香水发香雾迪奥真我发香喷雾 迪奥 迪奥真我发香雾30ml送礼盒无货预定中, 古驰GUCCI女士香水 罪爱淡香氛 古驰罪爱75ml",2
0.028720188108834397,"卡文克莱香水, 专柜正品chanel香奈儿coco可可小姐香水女士香氛 摩登coco浓香EDP100ml, 祖玛珑香水",3
0.028720188108834397,"Dior克丽丝汀迪奥女士香水 持久淡香氛 真我EDP浓香50ml(京东发货), 香奈儿可可小姐淡香水（瓶装）",2
0.028720188108834397,"浪凡香水, 博士淡香水",2
0.028720188108834397,"浪凡香水, VERSACE范思哲晶钻 黑钻 幻影金钻 香恋明亮水晶5/30/50/90ml等 -晶钻30ml正装",2
0.028720188108834397,"Chanel香奈儿香水女士淡香氛 5号之水EDT淡香100ml(新版), 古驰香水",2
0.028720188108834397,"迪奥Dior香水 真我女士浓香100ML, 万宝龙传奇女士香水 30ml",2
0.028720188108834397,"范思哲香水, 意大利原装进口Bvlgari宝格丽女士香水持久淡香氛 紫金纯香65ml",2
0.028720188108834397,"美奥迪菲MYOSOTIS 豪华装法国女士香水夜用30ml清新持久淡香买一送7 红唇豪华版30毫升, 卡文克莱香水, 迪奥香水",3
0.028720188108834397,"菲拉格慕 甜心魔力/梦中情人女士淡香水 100ml, 阿玛尼ARMANI 挚爱女士香水EDP 1.5ml*3",2
0.028720188108834397,"卡文克莱香水, Gucci古驰花之舞花园系列女香之 栀子花/柑橘/紫罗兰等 -30ml栀子花正装, 兰蔻香水",3
0.028720188108834397,"雅芳香氛喷雾香水50ml 送小黑裙身体乳香氛香水 小黑裙50ML送小黑裙身体乳, 博士淡香水",2
0.028720188108834397,"卡文克莱香水, Chanel/香奈儿香水小样 香奈儿邂逅绿粉黄色 coco小姐香水女士正品淡香 持久 邂逅白可可五号之水5件套, 兰蔻香水",3
0.028552233792408465,"Chanel香奈儿香水女士淡香氛 5号之水EDT淡香100ml(新版), 菲拉格慕 甜心魔力/梦中情人女士淡香水 100ml",2
0.028552233792408465,"卡文克莱香水, 菲拉格慕香水, Chanel香奈儿香水女士淡香氛 5号之水EDT淡香100ml(新版)",3
0.028552233792408465,"Dior迪奥真我香水女士 -100ml淡香水EDT, 意大利原装进口Bvlgari宝格丽女士香水持久淡香氛 紫金纯香65ml",2
0.028552233792408465,"VERSACE范思哲晶钻 黑钻 幻影金钻 香恋明亮水晶5/30/50/90ml等 -晶钻30ml正装, Chanel香奈儿香水女士淡香氛 粉色邂逅香水100ml",2
0.028552233792408465,"卡文克莱香水, Chanel/香奈儿香水小样 香奈儿邂逅绿粉黄色 coco小姐香水女士正品淡香 持久 邂逅白可可五号之水5件套, 菲拉格慕香水",3
0.028552233792408465,"Chanel香奈儿香水女士淡香氛 5号之水EDT淡香100ml(新版), 雅芳香氛喷雾香水50ml 送小黑裙身体乳香氛香水 小黑裙50ML送小黑裙身体乳",2
0.028552233792408465,"迪奥（Dior/CD）香水女士 迪奥粉红魅惑香水女士100ml, VERSACE范思哲晶钻 黑钻 幻影金钻 香恋明亮水晶5/30/50/90ml等 -晶钻30ml正装",2
0.028552233792408465,"VERSACE范思哲晶钻 黑钻 幻影金钻 香恋明亮水晶5/30/50/90ml等 -晶钻30ml正装, 古驰香水",2
0.028552233792408465,"迪奥Dior香水 真我女士浓香100ML, Chanel香奈儿COCO可可小姐女士淡香水100ml",2
0.028552233792408465,"博士淡香水, 意大利原装进口Bvlgari宝格丽女士香水持久淡香氛 紫金纯香65ml",2
0.028552233792408465,"万宝龙传奇女士香水 30ml, Dior迪奥女士香水女人生日礼物 迪奥小甜心小姐 真我女士香水发香雾迪奥真我发香喷雾 迪奥 迪奥真我发香雾30ml送礼盒无货预定中",2
0.028552233792408465,"美奥迪菲MYOSOTIS 豪华装法国女士香水夜用30ml清新持久淡香买一送7 红唇豪华版30毫升, 香奈儿可可小姐淡香水（瓶装）",2
0.028552233792408465,"Gucci古驰花之舞花园系列女香之 栀子花/柑橘/紫罗兰等 -30ml栀子花正装, CK因为你香水IN2U喜欢你50ml/100ml/150ml等 -因为你女香100ml",2
0.028552233792408465,"安娜苏香水, 浪凡香水, 迪奥香水",3
0.028552233792408465,"雅芳香氛喷雾香水50ml 送小黑裙身体乳香氛香水 小黑裙50ML送小黑裙身体乳, 阿玛尼ARMANI 挚爱女士香水EDP 1.5ml*3",2
0.028552233792408465,"Dior克丽丝汀迪奥女士香水 持久淡香氛 真我EDP浓香50ml(京东发货), 雅芳香氛喷雾香水50ml 送小黑裙身体乳香氛香水 小黑裙50ML送小黑裙身体乳",2
0.028552233792408465,"浪凡香水, Chanel香奈儿香水女士淡香氛 5号之水EDT淡香100ml(新版)",2
0.028552233792408465,"迪奥（Dior/CD）香水女士 迪奥粉红魅惑香水女士100ml, Dior克丽丝汀迪奥女士香水 持久淡香氛 真我EDP浓香50ml(京东发货)",2
0.028552233792408465,"Dior迪奥真我香水女士 -100ml淡香水EDT, 马克.雅可布香水",2
0.028384279475982533,"迪奥（Dior/CD）香水女士 迪奥粉红魅惑香水女士100ml, Chanel香奈儿香水女士淡香氛 粉色邂逅香水100ml",2
0.028384279475982533,"古驰香水, CK因为你香水IN2U喜欢你50ml/100ml/150ml等 -因为你女香100ml",2
0.028384279475982533,"迪奥（Dior/CD）香水女士 迪奥粉红魅惑香水女士100ml, 卡文克莱香水, 祖玛珑香水",3
0.028384279475982533,"卡文克莱香水, Dior迪奥女士香水女人生日礼物 迪奥小甜心小姐 真我女士香水发香雾迪奥真我发香喷雾 迪奥 迪奥真我发香雾30ml送礼盒无货预定中, 菲拉格慕香水",3
0.028384279475982533,"菲拉格慕 甜心魔力/梦中情人女士淡香水 100ml, CK因为你香水IN2U喜欢你50ml/100ml/150ml等 -因为你女香100ml",2
0.028384279475982533,"安娜苏香水, 卡文克莱香水, 博柏利香水, 祖玛珑香水",4
0.028384279475982533,"阿玛尼Gio寄情水男士淡香水 50ML, 【跨新年抢先购】精美礼盒晨露女士香水50ml持久清新淡香海洋香调 绿色",2
0.028384279475982533,"Chanel香奈儿香水女士淡香氛 粉色邂逅香水100ml, LANVIN浪凡我愿意女士香水/Marry me嫁给我 -30ml",2
0.028384279475982533,"VERSACE范思哲晶钻 黑钻 幻影金钻 香恋明亮水晶5/30/50/90ml等 -晶钻30ml正装, 马克.雅可布香水",2
0.028384279475982533,"美奥迪菲MYOSOTIS 豪华装法国女士香水夜用30ml清新持久淡香买一送7 红唇豪华版30毫升, 【跨新年抢先购】精美礼盒晨露女士香水50ml持久清新淡香海洋香调 绿色",2
0.028384279475982533,"VERSACE范思哲晶钻 黑钻 幻影金钻 香恋明亮水晶5/30/50/90ml等 -晶钻30ml正装, CK因为你香水IN2U喜欢你50ml/100ml/150ml等 -因为你女香100ml",2
0.028384279475982533,"卡文克莱香水, 博士淡香水, 祖玛珑香水",3
0.028384279475982533,"菲拉格慕 甜心魔力/梦中情人女士淡香水 100ml, 香奈儿可可小姐淡香水（瓶装）",2
0.028384279475982533,"安娜苏香水, 卡文克莱香水, 博柏利香水, 兰蔻香水",4
0.028384279475982533,"浪凡香水, 卡文克莱香水, 兰蔻香水",3
0.028384279475982533,"Dior迪奥真我香水女士 -100ml淡香水EDT, 范思哲香水",2
0.028384279475982533,"浪凡香水, Dior迪奥女士香水Q版5ml小样  香水身体乳  礼盒包装 送手提袋 四件装 白色礼盒",2
0.028384279475982533,"卡文克莱香水, 马克.雅可布香水, 菲拉格慕香水",3
0.028384279475982533,"卡文克莱香水, 博士淡香水, 博柏利香水",3
0.028384279475982533,"美奥迪菲MYOSOTIS 豪华装法国女士香水夜用30ml清新持久淡香买一送7 红唇豪华版30毫升, 阿玛尼ARMANI 挚爱女士香水EDP 1.5ml*3",2
0.028384279475982533,"Dior迪奥女士香水女人生日礼物 迪奥小甜心小姐 真我女士香水发香雾迪奥真我发香喷雾 迪奥 迪奥真我发香雾30ml送礼盒无货预定中, LANVIN浪凡我愿意女士香水/Marry me嫁给我 -30ml",2
0.0282163251595566,"卡文克莱香水, 专柜正品chanel香奈儿coco可可小姐香水女士香氛 摩登coco浓香EDP100ml, 菲拉格慕香水",3
0.0282163251595566,"Chanel香奈儿香水女士淡香氛 5号之水EDT淡香100ml(新版), 范思哲香水",2
0.0282163251595566,"【跨新年抢先购】精美礼盒晨露女士香水50ml持久清新淡香海洋香调 绿色, 古驰GUCCI女士香水 罪爱淡香氛 古驰罪爱75ml",2
0.0282163251595566,"【跨新年抢先购】精美礼盒晨露女士香水50ml持久清新淡香海洋香调 绿色, 香奈儿可可小姐淡香水（瓶装）",2
0.0282163251595566,"Gucci古驰花之舞花园系列女香之 栀子花/柑橘/紫罗兰等 -30ml栀子花正装, Chanel香奈儿香水女士淡香氛 粉色邂逅香水100ml",2
0.0282163251595566,"安娜苏香水, Chanel/香奈儿香水小样 香奈儿邂逅绿粉黄色 coco小姐香水女士正品淡香 持久 邂逅白可可五号之水5件套, 博柏利香水",3
0.0282163251595566,"美奥迪菲MYOSOTIS 豪华装法国女士香水夜用30ml清新持久淡香买一送7 红唇豪华版30毫升, 专柜正品chanel香奈儿coco可可小姐香水女士香氛 摩登coco浓香EDP100ml",2
0.0282163251595566,"雅芳香氛喷雾香水50ml 送小黑裙身体乳香氛香水 小黑裙50ML送小黑裙身体乳, 范思哲香水",2
0.0282163251595566,"专柜正品chanel香奈儿coco可可小姐香水女士香氛 摩登coco浓香EDP100ml, 阿玛尼ARMANI 挚爱女士香水EDP 1.5ml*3",2
0.0282163251595566,"专柜正品chanel香奈儿coco可可小姐香水女士香氛 摩登coco浓香EDP100ml, 古驰香水",2
0.0282163251595566,"雅芳香氛喷雾香水50ml 送小黑裙身体乳香氛香水 小黑裙50ML送小黑裙身体乳, Chanel香奈儿COCO可可小姐女士淡香水100ml",2
0.0282163251595566,"Chanel香奈儿香水女士淡香氛 5号之水EDT淡香100ml(新版), Dior迪奥女士香水Q版5ml小样  香水身体乳  礼盒包装 送手提袋 四件装 白色礼盒",2
0.0282163251595566,"卡文克莱香水, 万宝龙传奇女士香水 30ml, 迪奥香水",3
0.0282163251595566,"迪奥（Dior/CD）香水女士 迪奥粉红魅惑香水女士100ml, 安娜苏香水, 兰蔻香水",3
0.0282163251595566,"Dior迪奥真我香水女士 -100ml淡香水EDT, 迪奥Dior香水 真我女士浓香100ML",2
0.0282163251595566," CHANEL香奈儿邂逅机会EDP女士香水100ml 黄色机遇持久浓香 , Dior迪奥女士香水Q版5ml小样  香水身体乳  礼盒包装 送手提袋 四件装 白色礼盒",2
0.0282163251595566,"雅芳香氛喷雾香水50ml 送小黑裙身体乳香氛香水 小黑裙50ML送小黑裙身体乳, Dior迪奥女士香水Q版5ml小样  香水身体乳  礼盒包装 送手提袋 四件装 白色礼盒",2
0.0282163251595566,"Gucci古驰花之舞花园系列女香之 栀子花/柑橘/紫罗兰等 -30ml栀子花正装, 菲拉格慕 甜心魔力/梦中情人女士淡香水 100ml",2
0.0282163251595566,"Dior迪奥真我香水女士 -100ml淡香水EDT, Chanel香奈儿COCO可可小姐女士淡香水100ml",2
0.0282163251595566,"Dior迪奥真我香水女士 -100ml淡香水EDT, 普拉达香水",2
0.0282163251595566,"卡文克莱香水, Dior迪奥女士香水Q版5ml小样  香水身体乳  礼盒包装 送手提袋 四件装 白色礼盒, 菲拉格慕香水",3
0.0282163251595566,"Chanel香奈儿香水女士淡香氛 5号之水EDT淡香100ml(新版), 迪奥Dior香水 真我女士浓香100ML",2
0.0282163251595566,"万宝龙传奇女士香水 30ml, 香奈儿可可小姐淡香水（瓶装）",2
0.0282163251595566,"雅芳香氛喷雾香水50ml 送小黑裙身体乳香氛香水 小黑裙50ML送小黑裙身体乳, 【跨新年抢先购】精美礼盒晨露女士香水50ml持久清新淡香海洋香调 绿色",2
0.0282163251595566,"博士淡香水, 范思哲香水",2
0.02804837084313067,"安娜苏香水, 卡文克莱香水, 迪奥香水, 兰蔻香水",4
0.02804837084313067,"马克.雅可布香水, 【跨新年抢先购】精美礼盒晨露女士香水50ml持久清新淡香海洋香调 绿色",2
0.02804837084313067,"Dior迪奥真我香水女士 -100ml淡香水EDT, Chanel香奈儿香水女士淡香氛 粉色邂逅香水100ml",2
0.02804837084313067,"安娜苏香水, 卡文克莱香水, 博柏利香水, 菲拉格慕香水",4
0.02804837084313067,"美奥迪菲MYOSOTIS 豪华装法国女士香水夜用30ml清新持久淡香买一送7 红唇豪华版30毫升, 万宝龙传奇女士香水 30ml",2
0.02804837084313067,"安娜苏香水, Dior迪奥女士香水女人生日礼物 迪奥小甜心小姐 真我女士香水发香雾迪奥真我发香喷雾 迪奥 迪奥真我发香雾30ml送礼盒无货预定中, 兰蔻香水",3
0.02804837084313067,"美奥迪菲MYOSOTIS 豪华装法国女士香水夜用30ml清新持久淡香买一送7 红唇豪华版30毫升, Chanel香奈儿COCO可可小姐女士淡香水100ml",2
0.02804837084313067,"Dior克丽丝汀迪奥女士香水 持久淡香氛 真我EDP浓香50ml(京东发货), 普拉达香水",2
0.02804837084313067,"马克.雅可布香水, 阿玛尼Gio寄情水男士淡香水 50ML",2
0.02804837084313067,"阿玛尼Gio寄情水男士淡香水 50ML, 阿玛尼ARMANI 挚爱女士香水EDP 1.5ml*3",2
0.02804837084313067,"博士淡香水, LANVIN浪凡我愿意女士香水/Marry me嫁给我 -30ml",2
0.02804837084313067,"万宝龙传奇女士香水 30ml, CK因为你香水IN2U喜欢你50ml/100ml/150ml等 -因为你女香100ml",2
0.02804837084313067,"阿玛尼Gio寄情水男士淡香水 50ML, Chanel香奈儿COCO可可小姐女士淡香水100ml",2
0.02804837084313067,"VERSACE范思哲晶钻 黑钻 幻影金钻 香恋明亮水晶5/30/50/90ml等 -晶钻30ml正装,  CHANEL香奈儿邂逅机会EDP女士香水100ml 黄色机遇持久浓香 ",2
0.02804837084313067,"古驰香水, 菲拉格慕 甜心魔力/梦中情人女士淡香水 100ml",2
0.02804837084313067,"卡文克莱香水, 万宝龙传奇女士香水 30ml, 祖玛珑香水",3
0.02804837084313067,"浪凡香水, 普拉达香水",2
0.02804837084313067,"Chanel/香奈儿香水小样 香奈儿邂逅绿粉黄色 coco小姐香水女士正品淡香 持久 邂逅白可可五号之水5件套, 古驰GUCCI女士香水 罪爱淡香氛 古驰罪爱75ml",2
0.02804837084313067,"安娜苏香水, Gucci古驰花之舞花园系列女香之 栀子花/柑橘/紫罗兰等 -30ml栀子花正装, 博柏利香水",3
0.02804837084313067,"Dior克丽丝汀迪奥女士香水 持久淡香氛 真我EDP浓香50ml(京东发货), VERSACE范思哲晶钻 黑钻 幻影金钻 香恋明亮水晶5/30/50/90ml等 -晶钻30ml正装",2
0.027880416526704737,"浪凡香水, 马克.雅可布香水",2
0.027880416526704737,"Dior迪奥女士香水Q版5ml小样  香水身体乳  礼盒包装 送手提袋 四件装 白色礼盒, 阿玛尼Gio寄情水男士淡香水 50ML",2
0.027880416526704737,"卡文克莱香水, 菲拉格慕 甜心魔力/梦中情人女士淡香水 100ml, 菲拉格慕香水",3
0.027880416526704737,"Dior克丽丝汀迪奥女士香水 持久淡香氛 真我EDP浓香50ml(京东发货), Chanel香奈儿COCO可可小姐女士淡香水100ml",2
0.027880416526704737,"卡文克莱香水, 兰蔻香水, 香奈儿可可小姐淡香水（瓶装）",3
0.027880416526704737," CHANEL香奈儿邂逅机会EDP女士香水100ml 黄色机遇持久浓香 , 阿玛尼ARMANI 挚爱女士香水EDP 1.5ml*3",2
0.027880416526704737,"卡文克莱香水, 古驰香水, 菲拉格慕香水",3
0.027880416526704737,"Chanel香奈儿香水女士淡香氛 5号之水EDT淡香100ml(新版), 【跨新年抢先购】精美礼盒晨露女士香水50ml持久清新淡香海洋香调 绿色",2
0.027880416526704737,"范思哲香水, Chanel香奈儿香水女士淡香氛 粉色邂逅香水100ml",2
0.027880416526704737,"雅芳香氛喷雾香水50ml 送小黑裙身体乳香氛香水 小黑裙50ML送小黑裙身体乳, VERSACE范思哲晶钻 黑钻 幻影金钻 香恋明亮水晶5/30/50/90ml等 -晶钻30ml正装",2
0.027880416526704737,"卡文克莱香水, 迪奥香水, 古驰GUCCI女士香水 罪爱淡香氛 古驰罪爱75ml",3
0.027880416526704737,"普拉达香水, 【跨新年抢先购】精美礼盒晨露女士香水50ml持久清新淡香海洋香调 绿色",2
0.027880416526704737,"安娜苏香水, 博柏利香水, 阿玛尼ARMANI 挚爱女士香水EDP 1.5ml*3",3
0.027880416526704737,"万宝龙传奇女士香水 30ml, 阿玛尼Gio寄情水男士淡香水 50ML",2
0.027880416526704737,"雅芳香氛喷雾香水50ml 送小黑裙身体乳香氛香水 小黑裙50ML送小黑裙身体乳, 万宝龙传奇女士香水 30ml",2
0.027880416526704737,"专柜正品chanel香奈儿coco可可小姐香水女士香氛 摩登coco浓香EDP100ml, 博士淡香水",2
0.027880416526704737," CHANEL香奈儿邂逅机会EDP女士香水100ml 黄色机遇持久浓香 , 古驰GUCCI女士香水 罪爱淡香氛 古驰罪爱75ml",2
0.027880416526704737,"安娜苏香水, Gucci古驰花之舞花园系列女香之 栀子花/柑橘/紫罗兰等 -30ml栀子花正装, 兰蔻香水",3
0.027880416526704737,"Chanel/香奈儿香水小样 香奈儿邂逅绿粉黄色 coco小姐香水女士正品淡香 持久 邂逅白可可五号之水5件套, Chanel香奈儿香水女士淡香氛 粉色邂逅香水100ml",2
0.027880416526704737,"Gucci古驰花之舞花园系列女香之 栀子花/柑橘/紫罗兰等 -30ml栀子花正装, Dior迪奥女士香水Q版5ml小样  香水身体乳  礼盒包装 送手提袋 四件装 白色礼盒",2
0.027880416526704737,"古驰香水, LANVIN浪凡我愿意女士香水/Marry me嫁给我 -30ml",2
0.027712462210278805," CHANEL香奈儿邂逅机会EDP女士香水100ml 黄色机遇持久浓香 , Chanel香奈儿香水女士淡香氛 粉色邂逅香水100ml",2
0.027712462210278805," CHANEL香奈儿邂逅机会EDP女士香水100ml 黄色机遇持久浓香 , 阿玛尼Gio寄情水男士淡香水 50ML",2
0.027712462210278805,"迪奥（Dior/CD）香水女士 迪奥粉红魅惑香水女士100ml, 古驰香水",2
0.027712462210278805,"范思哲香水, 阿玛尼ARMANI 挚爱女士香水EDP 1.5ml*3",2
0.027712462210278805,"迪奥Dior香水 真我女士浓香100ML, CK因为你香水IN2U喜欢你50ml/100ml/150ml等 -因为你女香100ml",2
0.027712462210278805,"LANVIN浪凡我愿意女士香水/Marry me嫁给我 -30ml, CK因为你香水IN2U喜欢你50ml/100ml/150ml等 -因为你女香100ml",2
0.027712462210278805,"卡文克莱香水, 迪奥香水, 菲拉格慕 甜心魔力/梦中情人女士淡香水 100ml",3
0.027712462210278805,"美奥迪菲MYOSOTIS 豪华装法国女士香水夜用30ml清新持久淡香买一送7 红唇豪华版30毫升, 普拉达香水",2
0.027712462210278805,"宝格丽女士香水, CK因为你香水IN2U喜欢你50ml/100ml/150ml等 -因为你女香100ml",2
0.027712462210278805,"Dior克丽丝汀迪奥女士香水 持久淡香氛 真我EDP浓香50ml(京东发货), 迪奥Dior香水 真我女士浓香100ML",2
0.027712462210278805,"马克.雅可布香水, CK因为你香水IN2U喜欢你50ml/100ml/150ml等 -因为你女香100ml",2
0.027712462210278805,"VERSACE范思哲晶钻 黑钻 幻影金钻 香恋明亮水晶5/30/50/90ml等 -晶钻30ml正装, 普拉达香水",2
0.027712462210278805,"安娜苏香水, 祖玛珑香水, Dior迪奥女士香水女人生日礼物 迪奥小甜心小姐 真我女士香水发香雾迪奥真我发香喷雾 迪奥 迪奥真我发香雾30ml送礼盒无货预定中",3
0.027712462210278805,"LANVIN浪凡我愿意女士香水/Marry me嫁给我 -30ml, 阿玛尼ARMANI 挚爱女士香水EDP 1.5ml*3",2
0.027712462210278805,"安娜苏香水, Gucci古驰花之舞花园系列女香之 栀子花/柑橘/紫罗兰等 -30ml栀子花正装, 迪奥香水",3
0.027712462210278805,"迪奥Dior香水 真我女士浓香100ML, 【跨新年抢先购】精美礼盒晨露女士香水50ml持久清新淡香海洋香调 绿色",2
0.027712462210278805,"迪奥（Dior/CD）香水女士 迪奥粉红魅惑香水女士100ml, 博柏利香水, 安娜苏香水",3
0.027712462210278805,"Chanel香奈儿COCO可可小姐女士淡香水100ml, LANVIN浪凡我愿意女士香水/Marry me嫁给我 -30ml",2
0.027712462210278805,"Dior迪奥真我香水女士 -100ml淡香水EDT, 阿玛尼ARMANI 挚爱女士香水EDP 1.5ml*3",2
0.027544507893852873,"普拉达香水, 意大利原装进口Bvlgari宝格丽女士香水持久淡香氛 紫金纯香65ml",2
0.027544507893852873,"Dior克丽丝汀迪奥女士香水 持久淡香氛 真我EDP浓香50ml(京东发货), Chanel香奈儿香水女士淡香氛 粉色邂逅香水100ml",2
0.027544507893852873,"迪奥（Dior/CD）香水女士 迪奥粉红魅惑香水女士100ml, Dior迪奥女士香水女人生日礼物 迪奥小甜心小姐 真我女士香水发香雾迪奥真我发香喷雾 迪奥 迪奥真我发香雾30ml送礼盒无货预定中",2
0.027544507893852873,"【跨新年抢先购】精美礼盒晨露女士香水50ml持久清新淡香海洋香调 绿色, 阿玛尼ARMANI 挚爱女士香水EDP 1.5ml*3",2
0.027544507893852873,"Gucci古驰花之舞花园系列女香之 栀子花/柑橘/紫罗兰等 -30ml栀子花正装, 万宝龙传奇女士香水 30ml",2
0.027544507893852873,"古驰GUCCI女士香水 罪爱淡香氛 古驰罪爱75ml, 意大利原装进口Bvlgari宝格丽女士香水持久淡香氛 紫金纯香65ml",2
0.027544507893852873,"美奥迪菲MYOSOTIS 豪华装法国女士香水夜用30ml清新持久淡香买一送7 红唇豪华版30毫升, 阿玛尼Gio寄情水男士淡香水 50ML",2
0.027544507893852873,"迪奥（Dior/CD）香水女士 迪奥粉红魅惑香水女士100ml, Chanel香奈儿COCO可可小姐女士淡香水100ml",2
0.027544507893852873,"Chanel香奈儿COCO可可小姐女士淡香水100ml, CK因为你香水IN2U喜欢你50ml/100ml/150ml等 -因为你女香100ml",2
0.027544507893852873,"美奥迪菲MYOSOTIS 豪华装法国女士香水夜用30ml清新持久淡香买一送7 红唇豪华版30毫升, 古驰GUCCI女士香水 罪爱淡香氛 古驰罪爱75ml",2
0.027544507893852873," CHANEL香奈儿邂逅机会EDP女士香水100ml 黄色机遇持久浓香 , CK因为你香水IN2U喜欢你50ml/100ml/150ml等 -因为你女香100ml",2
0.027544507893852873,"范思哲香水, 香奈儿可可小姐淡香水（瓶装）",2
0.027544507893852873,"卡文克莱香水, 祖玛珑香水, 阿玛尼ARMANI 挚爱女士香水EDP 1.5ml*3",3
0.027544507893852873,"Chanel香奈儿香水女士淡香氛 5号之水EDT淡香100ml(新版), 古驰GUCCI女士香水 罪爱淡香氛 古驰罪爱75ml",2
0.027544507893852873,"Chanel香奈儿香水女士淡香氛 5号之水EDT淡香100ml(新版), 专柜正品chanel香奈儿coco可可小姐香水女士香氛 摩登coco浓香EDP100ml",2
0.027544507893852873,"Chanel香奈儿香水女士淡香氛 5号之水EDT淡香100ml(新版), 意大利原装进口Bvlgari宝格丽女士香水持久淡香氛 紫金纯香65ml",2
0.027544507893852873,"迪奥（Dior/CD）香水女士 迪奥粉红魅惑香水女士100ml, 专柜正品chanel香奈儿coco可可小姐香水女士香氛 摩登coco浓香EDP100ml",2
0.027544507893852873,"安娜苏香水, 博柏利香水, 香奈儿可可小姐淡香水（瓶装）",3
0.027544507893852873,"卡文克莱香水, 祖玛珑香水, 古驰GUCCI女士香水 罪爱淡香氛 古驰罪爱75ml",3
0.027544507893852873,"Chanel香奈儿香水女士淡香氛 5号之水EDT淡香100ml(新版), 阿玛尼Gio寄情水男士淡香水 50ML",2
0.02737655357742694,"Chanel香奈儿香水女士淡香氛 5号之水EDT淡香100ml(新版), 马克.雅可布香水",2
0.02737655357742694,"阿玛尼Gio寄情水男士淡香水 50ML, 意大利原装进口Bvlgari宝格丽女士香水持久淡香氛 紫金纯香65ml",2
0.02737655357742694,"雅芳香氛喷雾香水50ml 送小黑裙身体乳香氛香水 小黑裙50ML送小黑裙身体乳, LANVIN浪凡我愿意女士香水/Marry me嫁给我 -30ml",2
0.02737655357742694,"CK因为你香水IN2U喜欢你50ml/100ml/150ml等 -因为你女香100ml, 意大利原装进口Bvlgari宝格丽女士香水持久淡香氛 紫金纯香65ml",2
0.02737655357742694,"Chanel/香奈儿香水小样 香奈儿邂逅绿粉黄色 coco小姐香水女士正品淡香 持久 邂逅白可可五号之水5件套, 阿玛尼Gio寄情水男士淡香水 50ML",2
0.02737655357742694,"阿玛尼Gio寄情水男士淡香水 50ML, LANVIN浪凡我愿意女士香水/Marry me嫁给我 -30ml",2
0.02737655357742694,"Dior迪奥女士香水Q版5ml小样  香水身体乳  礼盒包装 送手提袋 四件装 白色礼盒, 古驰GUCCI女士香水 罪爱淡香氛 古驰罪爱75ml",2
0.02737655357742694,"专柜正品chanel香奈儿coco可可小姐香水女士香氛 摩登coco浓香EDP100ml, CK因为你香水IN2U喜欢你50ml/100ml/150ml等 -因为你女香100ml",2
0.02737655357742694,"迪奥（Dior/CD）香水女士 迪奥粉红魅惑香水女士100ml, CK因为你香水IN2U喜欢你50ml/100ml/150ml等 -因为你女香100ml",2
0.02737655357742694,"博士淡香水, 普拉达香水",2
0.02737655357742694,"美奥迪菲MYOSOTIS 豪华装法国女士香水夜用30ml清新持久淡香买一送7 红唇豪华版30毫升, Dior迪奥女士香水Q版5ml小样  香水身体乳  礼盒包装 送手提袋 四件装 白色礼盒",2
0.02737655357742694,"浪凡香水, 卡文克莱香水, 菲拉格慕香水",3
0.02737655357742694,"Chanel香奈儿香水女士淡香氛 5号之水EDT淡香100ml(新版), 普拉达香水",2
0.02737655357742694,"Chanel/香奈儿香水小样 香奈儿邂逅绿粉黄色 coco小姐香水女士正品淡香 持久 邂逅白可可五号之水5件套, 专柜正品chanel香奈儿coco可可小姐香水女士香氛 摩登coco浓香EDP100ml",2
0.02737655357742694,"雅芳香氛喷雾香水50ml 送小黑裙身体乳香氛香水 小黑裙50ML送小黑裙身体乳, Chanel香奈儿香水女士淡香氛 粉色邂逅香水100ml",2
0.02737655357742694,"安娜苏香水, Chanel/香奈儿香水小样 香奈儿邂逅绿粉黄色 coco小姐香水女士正品淡香 持久 邂逅白可可五号之水5件套, 菲拉格慕香水",3
0.02737655357742694,"安娜苏香水, 宝格丽女士香水, 博柏利香水",3
0.02720859926100101,"Dior克丽丝汀迪奥女士香水 持久淡香氛 真我EDP浓香50ml(京东发货), CK因为你香水IN2U喜欢你50ml/100ml/150ml等 -因为你女香100ml",2
0.02720859926100101,"浪凡香水, 香奈儿可可小姐淡香水（瓶装）",2
0.02720859926100101,"卡文克莱香水, 菲拉格慕香水, LANVIN浪凡我愿意女士香水/Marry me嫁给我 -30ml",3
0.02720859926100101,"专柜正品chanel香奈儿coco可可小姐香水女士香氛 摩登coco浓香EDP100ml, 阿玛尼Gio寄情水男士淡香水 50ML",2
0.02720859926100101,"安娜苏香水,  CHANEL香奈儿邂逅机会EDP女士香水100ml 黄色机遇持久浓香 , 迪奥香水",3
0.02720859926100101,"专柜正品chanel香奈儿coco可可小姐香水女士香氛 摩登coco浓香EDP100ml, 普拉达香水",2
0.02720859926100101,"安娜苏香水, Chanel/香奈儿香水小样 香奈儿邂逅绿粉黄色 coco小姐香水女士正品淡香 持久 邂逅白可可五号之水5件套, 兰蔻香水",3
0.02720859926100101," CHANEL香奈儿邂逅机会EDP女士香水100ml 黄色机遇持久浓香 , 意大利原装进口Bvlgari宝格丽女士香水持久淡香氛 紫金纯香65ml",2
0.02720859926100101,"专柜正品chanel香奈儿coco可可小姐香水女士香氛 摩登coco浓香EDP100ml, 【跨新年抢先购】精美礼盒晨露女士香水50ml持久清新淡香海洋香调 绿色",2
0.02720859926100101,"普拉达香水, Chanel香奈儿COCO可可小姐女士淡香水100ml",2
0.02720859926100101,"卡文克莱香水, 范思哲香水, 菲拉格慕香水",3
0.02720859926100101,"迪奥Dior香水 真我女士浓香100ML, 古驰GUCCI女士香水 罪爱淡香氛 古驰罪爱75ml",2
0.02720859926100101,"卡文克莱香水, 普拉达香水, 兰蔻香水",3
0.02720859926100101,"安娜苏香水, 迪奥Dior香水 真我女士浓香100ML, 兰蔻香水",3
0.02720859926100101," CHANEL香奈儿邂逅机会EDP女士香水100ml 黄色机遇持久浓香 , 菲拉格慕 甜心魔力/梦中情人女士淡香水 100ml",2
0.02720859926100101,"范思哲香水, 古驰GUCCI女士香水 罪爱淡香氛 古驰罪爱75ml",2
0.02720859926100101,"专柜正品chanel香奈儿coco可可小姐香水女士香氛 摩登coco浓香EDP100ml, 范思哲香水",2
0.02720859926100101,"卡文克莱香水, 普拉达香水, 祖玛珑香水",3
0.02720859926100101,"VERSACE范思哲晶钻 黑钻 幻影金钻 香恋明亮水晶5/30/50/90ml等 -晶钻30ml正装, 范思哲香水",2
0.02720859926100101,"迪奥（Dior/CD）香水女士 迪奥粉红魅惑香水女士100ml, 阿玛尼ARMANI 挚爱女士香水EDP 1.5ml*3",2
0.027040644944575077,"Gucci古驰花之舞花园系列女香之 栀子花/柑橘/紫罗兰等 -30ml栀子花正装, Chanel香奈儿COCO可可小姐女士淡香水100ml",2
0.027040644944575077,"安娜苏香水, 兰蔻香水, 阿玛尼ARMANI 挚爱女士香水EDP 1.5ml*3",3
0.027040644944575077,"普拉达香水, 范思哲香水",2
0.027040644944575077,"浪凡香水, 阿玛尼Gio寄情水男士淡香水 50ML",2
0.027040644944575077,"雅芳香氛喷雾香水50ml 送小黑裙身体乳香氛香水 小黑裙50ML送小黑裙身体乳, 菲拉格慕 甜心魔力/梦中情人女士淡香水 100ml",2
0.027040644944575077,"阿玛尼ARMANI 挚爱女士香水EDP 1.5ml*3, CK因为你香水IN2U喜欢你50ml/100ml/150ml等 -因为你女香100ml",2
0.027040644944575077,"VERSACE范思哲晶钻 黑钻 幻影金钻 香恋明亮水晶5/30/50/90ml等 -晶钻30ml正装, 阿玛尼ARMANI 挚爱女士香水EDP 1.5ml*3",2
0.027040644944575077,"浪凡香水, Chanel香奈儿香水女士淡香氛 粉色邂逅香水100ml",2
0.027040644944575077,"Dior迪奥女士香水女人生日礼物 迪奥小甜心小姐 真我女士香水发香雾迪奥真我发香喷雾 迪奥 迪奥真我发香雾30ml送礼盒无货预定中, 阿玛尼ARMANI 挚爱女士香水EDP 1.5ml*3",2
0.027040644944575077,"Gucci古驰花之舞花园系列女香之 栀子花/柑橘/紫罗兰等 -30ml栀子花正装, LANVIN浪凡我愿意女士香水/Marry me嫁给我 -30ml",2
0.027040644944575077,"Dior迪奥真我香水女士 -100ml淡香水EDT, 阿玛尼Gio寄情水男士淡香水 50ML",2
0.027040644944575077,"Chanel香奈儿香水女士淡香氛 粉色邂逅香水100ml, 古驰GUCCI女士香水 罪爱淡香氛 古驰罪爱75ml",2
0.027040644944575077,"万宝龙传奇女士香水 30ml, 【跨新年抢先购】精美礼盒晨露女士香水50ml持久清新淡香海洋香调 绿色",2
0.027040644944575077,"卡文克莱香水, 菲拉格慕 甜心魔力/梦中情人女士淡香水 100ml, 兰蔻香水",3
0.027040644944575077,"安娜苏香水, Chanel香奈儿COCO可可小姐女士淡香水100ml, 兰蔻香水",3
0.026872690628149145,"阿玛尼Gio寄情水男士淡香水 50ML, 古驰GUCCI女士香水 罪爱淡香氛 古驰罪爱75ml",2
0.026872690628149145,"卡文克莱香水, 兰蔻香水, 阿玛尼ARMANI 挚爱女士香水EDP 1.5ml*3",3
0.026872690628149145,"香奈儿可可小姐淡香水（瓶装）, CK因为你香水IN2U喜欢你50ml/100ml/150ml等 -因为你女香100ml",2
0.026872690628149145,"浪凡香水, LANVIN浪凡我愿意女士香水/Marry me嫁给我 -30ml",2
0.026872690628149145,"安娜苏香水, 古驰香水, 博柏利香水",3
0.026872690628149145,"Dior克丽丝汀迪奥女士香水 持久淡香氛 真我EDP浓香50ml(京东发货), 专柜正品chanel香奈儿coco可可小姐香水女士香氛 摩登coco浓香EDP100ml",2
0.026872690628149145,"美奥迪菲MYOSOTIS 豪华装法国女士香水夜用30ml清新持久淡香买一送7 红唇豪华版30毫升, Dior迪奥女士香水女人生日礼物 迪奥小甜心小姐 真我女士香水发香雾迪奥真我发香喷雾 迪奥 迪奥真我发香雾30ml送礼盒无货预定中",2
0.026872690628149145,"卡文克莱香水, 阿玛尼Gio寄情水男士淡香水 50ML, 菲拉格慕香水",3
0.026872690628149145,"迪奥（Dior/CD）香水女士 迪奥粉红魅惑香水女士100ml, 普拉达香水",2
0.026872690628149145,"安娜苏香水, 迪奥香水, Dior迪奥女士香水女人生日礼物 迪奥小甜心小姐 真我女士香水发香雾迪奥真我发香喷雾 迪奥 迪奥真我发香雾30ml送礼盒无货预定中",3
0.026872690628149145,"安娜苏香水, 马克.雅可布香水, 博柏利香水",3
0.026872690628149145,"Dior克丽丝汀迪奥女士香水 持久淡香氛 真我EDP浓香50ml(京东发货), 卡文克莱香水, 兰蔻香水",3
0.026872690628149145,"安娜苏香水, 阿玛尼Gio寄情水男士淡香水 50ML, 博柏利香水",3
0.026872690628149145," CHANEL香奈儿邂逅机会EDP女士香水100ml 黄色机遇持久浓香 , 普拉达香水",2
0.026872690628149145,"雅芳香氛喷雾香水50ml 送小黑裙身体乳香氛香水 小黑裙50ML送小黑裙身体乳, 专柜正品chanel香奈儿coco可可小姐香水女士香氛 摩登coco浓香EDP100ml",2
0.026872690628149145,"迪奥（Dior/CD）香水女士 迪奥粉红魅惑香水女士100ml, 雅芳香氛喷雾香水50ml 送小黑裙身体乳香氛香水 小黑裙50ML送小黑裙身体乳",2
0.026872690628149145,"万宝龙传奇女士香水 30ml, 马克.雅可布香水",2
0.026704736311723213,"Dior克丽丝汀迪奥女士香水 持久淡香氛 真我EDP浓香50ml(京东发货), 范思哲香水",2
0.026704736311723213,"卡文克莱香水, 菲拉格慕香水, 阿玛尼ARMANI 挚爱女士香水EDP 1.5ml*3",3
0.026704736311723213,"普拉达香水, 马克.雅可布香水",2
0.026704736311723213,"安娜苏香水, 范思哲香水, 迪奥香水",3
0.026704736311723213,"安娜苏香水, 范思哲香水, 祖玛珑香水",3
0.026704736311723213,"宝格丽女士香水, 卡文克莱香水, 菲拉格慕香水",3
0.026704736311723213,"专柜正品chanel香奈儿coco可可小姐香水女士香氛 摩登coco浓香EDP100ml, 古驰GUCCI女士香水 罪爱淡香氛 古驰罪爱75ml",2
0.026704736311723213,"卡文克莱香水, 菲拉格慕香水, 香奈儿可可小姐淡香水（瓶装）",3
0.026536781995297277,"VERSACE范思哲晶钻 黑钻 幻影金钻 香恋明亮水晶5/30/50/90ml等 -晶钻30ml正装, 古驰GUCCI女士香水 罪爱淡香氛 古驰罪爱75ml",2
0.026536781995297277,"Chanel香奈儿香水女士淡香氛 5号之水EDT淡香100ml(新版), VERSACE范思哲晶钻 黑钻 幻影金钻 香恋明亮水晶5/30/50/90ml等 -晶钻30ml正装",2
0.026536781995297277,"安娜苏香水, 浪凡香水, 祖玛珑香水",3
0.026536781995297277,"普拉达香水, Chanel香奈儿香水女士淡香氛 粉色邂逅香水100ml",2
0.026536781995297277," CHANEL香奈儿邂逅机会EDP女士香水100ml 黄色机遇持久浓香 , 古驰香水",2
0.026536781995297277,"美奥迪菲MYOSOTIS 豪华装法国女士香水夜用30ml清新持久淡香买一送7 红唇豪华版30毫升, 范思哲香水",2
0.026536781995297277,"浪凡香水, 雅芳香氛喷雾香水50ml 送小黑裙身体乳香氛香水 小黑裙50ML送小黑裙身体乳",2
0.026536781995297277,"Chanel香奈儿香水女士淡香氛 粉色邂逅香水100ml, CK因为你香水IN2U喜欢你50ml/100ml/150ml等 -因为你女香100ml",2
0.026536781995297277,"安娜苏香水, 卡文克莱香水, 迪奥香水, 祖玛珑香水",4
0.026536781995297277,"安娜苏香水, 迪奥香水, 香奈儿可可小姐淡香水（瓶装）",3
0.026536781995297277,"安娜苏香水, Dior迪奥女士香水Q版5ml小样  香水身体乳  礼盒包装 送手提袋 四件装 白色礼盒, 兰蔻香水",3
0.026536781995297277,"安娜苏香水, Dior迪奥女士香水Q版5ml小样  香水身体乳  礼盒包装 送手提袋 四件装 白色礼盒, 迪奥香水",3
0.026536781995297277,"卡文克莱香水, Dior迪奥女士香水女人生日礼物 迪奥小甜心小姐 真我女士香水发香雾迪奥真我发香喷雾 迪奥 迪奥真我发香雾30ml送礼盒无货预定中, 兰蔻香水",3
0.026368827678871345,"迪奥（Dior/CD）香水女士 迪奥粉红魅惑香水女士100ml, 安娜苏香水, 祖玛珑香水",3
0.026368827678871345,"古驰香水, 阿玛尼ARMANI 挚爱女士香水EDP 1.5ml*3",2
0.026368827678871345,"古驰GUCCI女士香水 罪爱淡香氛 古驰罪爱75ml, 阿玛尼ARMANI 挚爱女士香水EDP 1.5ml*3",2
0.026368827678871345,"Dior克丽丝汀迪奥女士香水 持久淡香氛 真我EDP浓香50ml(京东发货), 【跨新年抢先购】精美礼盒晨露女士香水50ml持久清新淡香海洋香调 绿色",2
0.026368827678871345,"安娜苏香水, 古驰香水, 祖玛珑香水",3
0.026368827678871345,"安娜苏香水, 卡文克莱香水, 迪奥香水, 菲拉格慕香水",4
0.026368827678871345,"范思哲香水, Chanel香奈儿COCO可可小姐女士淡香水100ml",2
0.026368827678871345,"Dior迪奥女士香水Q版5ml小样  香水身体乳  礼盒包装 送手提袋 四件装 白色礼盒, LANVIN浪凡我愿意女士香水/Marry me嫁给我 -30ml",2
0.026368827678871345,"卡文克莱香水, 菲拉格慕香水, Chanel香奈儿香水女士淡香氛 粉色邂逅香水100ml",3
0.026368827678871345,"安娜苏香水, Chanel/香奈儿香水小样 香奈儿邂逅绿粉黄色 coco小姐香水女士正品淡香 持久 邂逅白可可五号之水5件套, 迪奥香水",3
0.026368827678871345,"安娜苏香水, Chanel/香奈儿香水小样 香奈儿邂逅绿粉黄色 coco小姐香水女士正品淡香 持久 邂逅白可可五号之水5件套, 祖玛珑香水",3
0.026368827678871345,"马克.雅可布香水, 古驰GUCCI女士香水 罪爱淡香氛 古驰罪爱75ml",2
0.026368827678871345,"安娜苏香水, 博柏利香水, CK因为你香水IN2U喜欢你50ml/100ml/150ml等 -因为你女香100ml",3
0.026368827678871345,"VERSACE范思哲晶钻 黑钻 幻影金钻 香恋明亮水晶5/30/50/90ml等 -晶钻30ml正装, 万宝龙传奇女士香水 30ml",2
0.026368827678871345,"专柜正品chanel香奈儿coco可可小姐香水女士香氛 摩登coco浓香EDP100ml, 香奈儿可可小姐淡香水（瓶装）",2
0.026368827678871345,"古驰香水, 意大利原装进口Bvlgari宝格丽女士香水持久淡香氛 紫金纯香65ml",2
0.026200873362445413,"迪奥（Dior/CD）香水女士 迪奥粉红魅惑香水女士100ml, 迪奥香水, 安娜苏香水",3
0.026200873362445413,"安娜苏香水, 雅芳香氛喷雾香水50ml 送小黑裙身体乳香氛香水 小黑裙50ML送小黑裙身体乳, 兰蔻香水",3
0.026200873362445413,"安娜苏香水, 宝格丽女士香水, 祖玛珑香水",3
0.026200873362445413,"安娜苏香水, 卡文克莱香水, 祖玛珑香水, 兰蔻香水",4
0.026200873362445413,"浪凡香水, 古驰GUCCI女士香水 罪爱淡香氛 古驰罪爱75ml",2
0.026200873362445413,"安娜苏香水, Dior迪奥女士香水女人生日礼物 迪奥小甜心小姐 真我女士香水发香雾迪奥真我发香喷雾 迪奥 迪奥真我发香雾30ml送礼盒无货预定中, 菲拉格慕香水",3
0.026200873362445413,"安娜苏香水, 迪奥Dior香水 真我女士浓香100ML, 博柏利香水",3
0.026200873362445413,"【跨新年抢先购】精美礼盒晨露女士香水50ml持久清新淡香海洋香调 绿色, CK因为你香水IN2U喜欢你50ml/100ml/150ml等 -因为你女香100ml",2
0.02603291904601948,"万宝龙传奇女士香水 30ml, Chanel香奈儿香水女士淡香氛 粉色邂逅香水100ml",2
0.02603291904601948,"安娜苏香水, 宝格丽女士香水, 迪奥香水",3
0.02603291904601948,"安娜苏香水, 博士淡香水, 兰蔻香水",3
0.02603291904601948,"博士淡香水, 阿玛尼ARMANI 挚爱女士香水EDP 1.5ml*3",2
0.02603291904601948,"卡文克莱香水, 祖玛珑香水, CK因为你香水IN2U喜欢你50ml/100ml/150ml等 -因为你女香100ml",3
0.02603291904601948,"安娜苏香水, 浪凡香水, 博柏利香水",3
0.02603291904601948,"Dior克丽丝汀迪奥女士香水 持久淡香氛 真我EDP浓香50ml(京东发货), 古驰GUCCI女士香水 罪爱淡香氛 古驰罪爱75ml",2
0.02603291904601948,"香奈儿可可小姐淡香水（瓶装）, 古驰GUCCI女士香水 罪爱淡香氛 古驰罪爱75ml",2
0.02603291904601948,"普拉达香水, 古驰香水",2
0.02603291904601948,"安娜苏香水, 马克.雅可布香水, 兰蔻香水",3
0.02603291904601948,"Dior迪奥女士香水Q版5ml小样  香水身体乳  礼盒包装 送手提袋 四件装 白色礼盒, 普拉达香水",2
0.02603291904601948,"卡文克莱香水, 兰蔻香水, LANVIN浪凡我愿意女士香水/Marry me嫁给我 -30ml",3
0.02603291904601948,"卡文克莱香水, 迪奥香水, 阿玛尼ARMANI 挚爱女士香水EDP 1.5ml*3",3
0.02603291904601948,"雅芳香氛喷雾香水50ml 送小黑裙身体乳香氛香水 小黑裙50ML送小黑裙身体乳, 普拉达香水",2
0.02603291904601948,"卡文克莱香水, 雅芳香氛喷雾香水50ml 送小黑裙身体乳香氛香水 小黑裙50ML送小黑裙身体乳, 菲拉格慕香水",3
0.02586496472959355,"安娜苏香水, 迪奥Dior香水 真我女士浓香100ML, 菲拉格慕香水",3
0.02586496472959355,"安娜苏香水, Chanel香奈儿香水女士淡香氛 5号之水EDT淡香100ml(新版), 菲拉格慕香水",3
0.02586496472959355,"Chanel/香奈儿香水小样 香奈儿邂逅绿粉黄色 coco小姐香水女士正品淡香 持久 邂逅白可可五号之水5件套, 普拉达香水",2
0.02586496472959355,"安娜苏香水, 范思哲香水, 兰蔻香水",3
0.02586496472959355,"安娜苏香水, 兰蔻香水, 香奈儿可可小姐淡香水（瓶装）",3
0.025697010413167617,"卡文克莱香水, 万宝龙传奇女士香水 30ml, 兰蔻香水",3
0.025697010413167617,"Dior迪奥真我香水女士 -100ml淡香水EDT, Dior迪奥女士香水Q版5ml小样  香水身体乳  礼盒包装 送手提袋 四件装 白色礼盒",2
0.025697010413167617,"迪奥（Dior/CD）香水女士 迪奥粉红魅惑香水女士100ml, 阿玛尼Gio寄情水男士淡香水 50ML",2
0.025697010413167617,"Dior克丽丝汀迪奥女士香水 持久淡香氛 真我EDP浓香50ml(京东发货), 卡文克莱香水, 菲拉格慕香水",3
0.025697010413167617,"安娜苏香水, VERSACE范思哲晶钻 黑钻 幻影金钻 香恋明亮水晶5/30/50/90ml等 -晶钻30ml正装, 博柏利香水",3
0.025697010413167617,"万宝龙传奇女士香水 30ml, LANVIN浪凡我愿意女士香水/Marry me嫁给我 -30ml",2
0.025697010413167617,"安娜苏香水, Chanel香奈儿香水女士淡香氛 5号之水EDT淡香100ml(新版), 迪奥香水",3
0.025697010413167617,"Dior迪奥女士香水Q版5ml小样  香水身体乳  礼盒包装 送手提袋 四件装 白色礼盒, CK因为你香水IN2U喜欢你50ml/100ml/150ml等 -因为你女香100ml",2
0.025697010413167617,"Dior迪奥真我香水女士 -100ml淡香水EDT, Gucci古驰花之舞花园系列女香之 栀子花/柑橘/紫罗兰等 -30ml栀子花正装",2
0.025529056096741685,"迪奥（Dior/CD）香水女士 迪奥粉红魅惑香水女士100ml, 古驰GUCCI女士香水 罪爱淡香氛 古驰罪爱75ml",2
0.025529056096741685,"安娜苏香水, VERSACE范思哲晶钻 黑钻 幻影金钻 香恋明亮水晶5/30/50/90ml等 -晶钻30ml正装, 兰蔻香水",3
0.025529056096741685,"卡文克莱香水, Gucci古驰花之舞花园系列女香之 栀子花/柑橘/紫罗兰等 -30ml栀子花正装, 菲拉格慕香水",3
0.025529056096741685,"安娜苏香水,  CHANEL香奈儿邂逅机会EDP女士香水100ml 黄色机遇持久浓香 , 博柏利香水",3
0.025529056096741685,"专柜正品chanel香奈儿coco可可小姐香水女士香氛 摩登coco浓香EDP100ml, 迪奥Dior香水 真我女士浓香100ML",2
0.025529056096741685,"安娜苏香水, 博柏利香水, 【跨新年抢先购】精美礼盒晨露女士香水50ml持久清新淡香海洋香调 绿色",3
0.025529056096741685,"安娜苏香水, Dior迪奥女士香水Q版5ml小样  香水身体乳  礼盒包装 送手提袋 四件装 白色礼盒, 博柏利香水",3
0.025529056096741685,"安娜苏香水, 雅芳香氛喷雾香水50ml 送小黑裙身体乳香氛香水 小黑裙50ML送小黑裙身体乳, 博柏利香水",3
0.025529056096741685,"Dior迪奥女士香水Q版5ml小样  香水身体乳  礼盒包装 送手提袋 四件装 白色礼盒, 范思哲香水",2
0.025529056096741685,"安娜苏香水, Chanel香奈儿香水女士淡香氛 5号之水EDT淡香100ml(新版), 祖玛珑香水",3
0.025361101780315753,"安娜苏香水, 专柜正品chanel香奈儿coco可可小姐香水女士香氛 摩登coco浓香EDP100ml, 迪奥香水",3
0.025361101780315753," CHANEL香奈儿邂逅机会EDP女士香水100ml 黄色机遇持久浓香 , 【跨新年抢先购】精美礼盒晨露女士香水50ml持久清新淡香海洋香调 绿色",2
0.025361101780315753,"Dior迪奥女士香水Q版5ml小样  香水身体乳  礼盒包装 送手提袋 四件装 白色礼盒, 【跨新年抢先购】精美礼盒晨露女士香水50ml持久清新淡香海洋香调 绿色",2
0.025361101780315753,"普拉达香水, CK因为你香水IN2U喜欢你50ml/100ml/150ml等 -因为你女香100ml",2
0.025361101780315753,"万宝龙传奇女士香水 30ml, 古驰香水",2
0.025361101780315753,"美奥迪菲MYOSOTIS 豪华装法国女士香水夜用30ml清新持久淡香买一送7 红唇豪华版30毫升, 迪奥香水, 安娜苏香水",3
0.025361101780315753,"万宝龙传奇女士香水 30ml, 普拉达香水",2
0.025361101780315753,"Dior迪奥真我香水女士 -100ml淡香水EDT, 博柏利香水, 安娜苏香水",3
0.025361101780315753,"安娜苏香水, Dior迪奥女士香水Q版5ml小样  香水身体乳  礼盒包装 送手提袋 四件装 白色礼盒, 菲拉格慕香水",3
0.025361101780315753,"安娜苏香水, Dior克丽丝汀迪奥女士香水 持久淡香氛 真我EDP浓香50ml(京东发货), 祖玛珑香水",3
0.025361101780315753,"Dior迪奥真我香水女士 -100ml淡香水EDT, 迪奥香水, 安娜苏香水",3
0.025361101780315753,"安娜苏香水, 阿玛尼Gio寄情水男士淡香水 50ML, 兰蔻香水",3
0.025361101780315753,"安娜苏香水, VERSACE范思哲晶钻 黑钻 幻影金钻 香恋明亮水晶5/30/50/90ml等 -晶钻30ml正装, 迪奥香水",3
0.025361101780315753,"美奥迪菲MYOSOTIS 豪华装法国女士香水夜用30ml清新持久淡香买一送7 红唇豪华版30毫升, 安娜苏香水, 祖玛珑香水",3
0.02519314746388982,"安娜苏香水, 博柏利香水, Chanel香奈儿COCO可可小姐女士淡香水100ml",3
0.02519314746388982,"宝格丽女士香水, 古驰GUCCI女士香水 罪爱淡香氛 古驰罪爱75ml",2
0.02519314746388982,"安娜苏香水, 迪奥Dior香水 真我女士浓香100ML, 迪奥香水",3
0.02519314746388982,"Chanel香奈儿COCO可可小姐女士淡香水100ml, 古驰GUCCI女士香水 罪爱淡香氛 古驰罪爱75ml",2
0.02519314746388982,"普拉达香水, 菲拉格慕 甜心魔力/梦中情人女士淡香水 100ml",2
0.02519314746388982,"Chanel香奈儿香水女士淡香氛 粉色邂逅香水100ml, 意大利原装进口Bvlgari宝格丽女士香水持久淡香氛 紫金纯香65ml",2
0.02519314746388982,"安娜苏香水, Chanel香奈儿香水女士淡香氛 5号之水EDT淡香100ml(新版), 博柏利香水",3
0.02519314746388982,"菲拉格慕 甜心魔力/梦中情人女士淡香水 100ml, 【跨新年抢先购】精美礼盒晨露女士香水50ml持久清新淡香海洋香调 绿色",2
0.02519314746388982,"卡文克莱香水, 兰蔻香水, 古驰GUCCI女士香水 罪爱淡香氛 古驰罪爱75ml",3
0.02519314746388982,"Dior克丽丝汀迪奥女士香水 持久淡香氛 真我EDP浓香50ml(京东发货), 万宝龙传奇女士香水 30ml",2
0.02519314746388982,"古驰GUCCI女士香水 罪爱淡香氛 古驰罪爱75ml, LANVIN浪凡我愿意女士香水/Marry me嫁给我 -30ml",2
0.02519314746388982,"美奥迪菲MYOSOTIS 豪华装法国女士香水夜用30ml清新持久淡香买一送7 红唇豪华版30毫升, 博柏利香水, 安娜苏香水",3
0.02519314746388982,"安娜苏香水, 普拉达香水, 菲拉格慕香水",3
0.02502519314746389,"普拉达香水, LANVIN浪凡我愿意女士香水/Marry me嫁给我 -30ml",2
0.02502519314746389,"安娜苏香水, 普拉达香水, 祖玛珑香水",3
0.02502519314746389,"安娜苏香水, 博士淡香水, 菲拉格慕香水",3
0.02502519314746389,"安娜苏香水, 兰蔻香水, 意大利原装进口Bvlgari宝格丽女士香水持久淡香氛 紫金纯香65ml",3
0.02502519314746389,"卡文克莱香水, 菲拉格慕香水, 古驰GUCCI女士香水 罪爱淡香氛 古驰罪爱75ml",3
0.02502519314746389,"安娜苏香水, Dior迪奥女士香水Q版5ml小样  香水身体乳  礼盒包装 送手提袋 四件装 白色礼盒, 祖玛珑香水",3
0.02502519314746389,"菲拉格慕 甜心魔力/梦中情人女士淡香水 100ml, 古驰GUCCI女士香水 罪爱淡香氛 古驰罪爱75ml",2
0.02502519314746389,"万宝龙传奇女士香水 30ml, 古驰GUCCI女士香水 罪爱淡香氛 古驰罪爱75ml",2
0.02502519314746389,"普拉达香水, 阿玛尼ARMANI 挚爱女士香水EDP 1.5ml*3",2
0.02502519314746389,"安娜苏香水, 范思哲香水, 菲拉格慕香水",3
0.02502519314746389,"【跨新年抢先购】精美礼盒晨露女士香水50ml持久清新淡香海洋香调 绿色, Chanel香奈儿COCO可可小姐女士淡香水100ml",2
0.024857238831037957,"Dior迪奥真我香水女士 -100ml淡香水EDT, 安娜苏香水, 兰蔻香水",3
0.024857238831037957,"安娜苏香水, 专柜正品chanel香奈儿coco可可小姐香水女士香氛 摩登coco浓香EDP100ml, 兰蔻香水",3
0.024857238831037957,"安娜苏香水, 古驰香水, 兰蔻香水",3
0.024857238831037957,"安娜苏香水, 专柜正品chanel香奈儿coco可可小姐香水女士香氛 摩登coco浓香EDP100ml, 博柏利香水",3
0.024857238831037957,"安娜苏香水, 兰蔻香水, LANVIN浪凡我愿意女士香水/Marry me嫁给我 -30ml",3
0.024857238831037957,"Dior迪奥真我香水女士 -100ml淡香水EDT, 安娜苏香水, 祖玛珑香水",3
0.024857238831037957,"卡文克莱香水, 万宝龙传奇女士香水 30ml, 菲拉格慕香水",3
0.024857238831037957,"安娜苏香水, 【跨新年抢先购】精美礼盒晨露女士香水50ml持久清新淡香海洋香调 绿色, 兰蔻香水",3
0.024857238831037957,"安娜苏香水, 博柏利香水, 意大利原装进口Bvlgari宝格丽女士香水持久淡香氛 紫金纯香65ml",3
0.024689284514612025,"美奥迪菲MYOSOTIS 豪华装法国女士香水夜用30ml清新持久淡香买一送7 红唇豪华版30毫升, 安娜苏香水, 兰蔻香水",3
0.024689284514612025,"安娜苏香水, 博士淡香水, 迪奥香水",3
0.024689284514612025,"雅芳香氛喷雾香水50ml 送小黑裙身体乳香氛香水 小黑裙50ML送小黑裙身体乳, 古驰GUCCI女士香水 罪爱淡香氛 古驰罪爱75ml",2
0.024689284514612025,"安娜苏香水, 博士淡香水, 祖玛珑香水",3
0.024689284514612025,"香奈儿可可小姐淡香水（瓶装）, Chanel香奈儿香水女士淡香氛 粉色邂逅香水100ml",2
0.024521330198186093,"安娜苏香水,  CHANEL香奈儿邂逅机会EDP女士香水100ml 黄色机遇持久浓香 , 兰蔻香水",3
0.024521330198186093,"安娜苏香水, 博柏利香水, Chanel香奈儿香水女士淡香氛 粉色邂逅香水100ml",3
0.024521330198186093,"安娜苏香水, Chanel香奈儿香水女士淡香氛 5号之水EDT淡香100ml(新版), 兰蔻香水",3
0.024521330198186093,"安娜苏香水, VERSACE范思哲晶钻 黑钻 幻影金钻 香恋明亮水晶5/30/50/90ml等 -晶钻30ml正装, 祖玛珑香水",3
0.024521330198186093,"安娜苏香水, 博士淡香水, 博柏利香水",3
0.024521330198186093,"安娜苏香水, 菲拉格慕香水, 香奈儿可可小姐淡香水（瓶装）",3
0.024521330198186093,"安娜苏香水, 浪凡香水, 兰蔻香水",3
0.024521330198186093,"阿玛尼ARMANI 挚爱女士香水EDP 1.5ml*3, 意大利原装进口Bvlgari宝格丽女士香水持久淡香氛 紫金纯香65ml",2
0.02435337588176016,"安娜苏香水, 迪奥香水, LANVIN浪凡我愿意女士香水/Marry me嫁给我 -30ml",3
0.02435337588176016,"雅芳香氛喷雾香水50ml 送小黑裙身体乳香氛香水 小黑裙50ML送小黑裙身体乳, CK因为你香水IN2U喜欢你50ml/100ml/150ml等 -因为你女香100ml",2
0.02435337588176016,"Dior迪奥真我香水女士 -100ml淡香水EDT, 古驰GUCCI女士香水 罪爱淡香氛 古驰罪爱75ml",2
0.02435337588176016,"马克.雅可布香水, Chanel香奈儿香水女士淡香氛 粉色邂逅香水100ml",2
0.02435337588176016,"安娜苏香水, 雅芳香氛喷雾香水50ml 送小黑裙身体乳香氛香水 小黑裙50ML送小黑裙身体乳, 迪奥香水",3
0.02435337588176016,"安娜苏香水, Gucci古驰花之舞花园系列女香之 栀子花/柑橘/紫罗兰等 -30ml栀子花正装, 祖玛珑香水",3
0.02435337588176016,"安娜苏香水, 普拉达香水, 迪奥香水",3
0.02418542156533423,"安娜苏香水, 兰蔻香水, Chanel香奈儿香水女士淡香氛 粉色邂逅香水100ml",3
0.02418542156533423,"安娜苏香水, 阿玛尼Gio寄情水男士淡香水 50ML, 迪奥香水",3
0.02418542156533423,"安娜苏香水, 迪奥香水, 阿玛尼ARMANI 挚爱女士香水EDP 1.5ml*3",3
0.02418542156533423,"安娜苏香水, 博柏利香水, 菲拉格慕 甜心魔力/梦中情人女士淡香水 100ml",3
0.02418542156533423,"卡文克莱香水, 博柏利香水, 祖玛珑香水, 兰蔻香水",4
0.02418542156533423,"安娜苏香水, 普拉达香水, 兰蔻香水",3
0.024017467248908297,"安娜苏香水, 祖玛珑香水, LANVIN浪凡我愿意女士香水/Marry me嫁给我 -30ml",3
0.024017467248908297,"安娜苏香水, 祖玛珑香水, 阿玛尼ARMANI 挚爱女士香水EDP 1.5ml*3",3
0.024017467248908297,"安娜苏香水, 马克.雅可布香水, 迪奥香水",3
0.024017467248908297,"安娜苏香水, 卡文克莱香水, 祖玛珑香水, 菲拉格慕香水",4
0.024017467248908297,"安娜苏香水, 【跨新年抢先购】精美礼盒晨露女士香水50ml持久清新淡香海洋香调 绿色, 菲拉格慕香水",3
0.024017467248908297,"迪奥（Dior/CD）香水女士 迪奥粉红魅惑香水女士100ml, 万宝龙传奇女士香水 30ml",2
0.024017467248908297,"安娜苏香水, Chanel香奈儿COCO可可小姐女士淡香水100ml, 菲拉格慕香水",3
0.024017467248908297,"安娜苏香水,  CHANEL香奈儿邂逅机会EDP女士香水100ml 黄色机遇持久浓香 , 菲拉格慕香水",3
0.024017467248908297,"安娜苏香水, 菲拉格慕 甜心魔力/梦中情人女士淡香水 100ml, 祖玛珑香水",3
0.024017467248908297,"古驰GUCCI女士香水 罪爱淡香氛 古驰罪爱75ml, CK因为你香水IN2U喜欢你50ml/100ml/150ml等 -因为你女香100ml",2
0.023849512932482365,"安娜苏香水, Dior克丽丝汀迪奥女士香水 持久淡香氛 真我EDP浓香50ml(京东发货), 博柏利香水",3
0.023849512932482365,"安娜苏香水, 祖玛珑香水, Chanel香奈儿香水女士淡香氛 粉色邂逅香水100ml",3
0.023849512932482365,"安娜苏香水, 卡文克莱香水, 兰蔻香水, 菲拉格慕香水",4
0.023849512932482365,"安娜苏香水, 菲拉格慕 甜心魔力/梦中情人女士淡香水 100ml, 兰蔻香水",3
0.023849512932482365,"安娜苏香水, 万宝龙传奇女士香水 30ml, 兰蔻香水",3
0.023849512932482365,"安娜苏香水, 宝格丽女士香水, 兰蔻香水",3
0.023681558616056433,"安娜苏香水, 迪奥香水, 【跨新年抢先购】精美礼盒晨露女士香水50ml持久清新淡香海洋香调 绿色",3
0.023681558616056433,"安娜苏香水, 菲拉格慕香水, 意大利原装进口Bvlgari宝格丽女士香水持久淡香氛 紫金纯香65ml",3
0.023681558616056433,"安娜苏香水, 祖玛珑香水, 香奈儿可可小姐淡香水（瓶装）",3
0.023681558616056433,"安娜苏香水, 专柜正品chanel香奈儿coco可可小姐香水女士香氛 摩登coco浓香EDP100ml, 菲拉格慕香水",3
0.023681558616056433,"迪奥（Dior/CD）香水女士 迪奥粉红魅惑香水女士100ml, 安娜苏香水, 菲拉格慕香水",3
0.023681558616056433,"普拉达香水, 古驰GUCCI女士香水 罪爱淡香氛 古驰罪爱75ml",2
0.023681558616056433,"安娜苏香水, 兰蔻香水, CK因为你香水IN2U喜欢你50ml/100ml/150ml等 -因为你女香100ml",3
0.023681558616056433,"安娜苏香水, 迪奥Dior香水 真我女士浓香100ML, 祖玛珑香水",3
0.023681558616056433,"安娜苏香水, 迪奥香水, Chanel香奈儿香水女士淡香氛 粉色邂逅香水100ml",3
0.0235136042996305,"安娜苏香水, Dior克丽丝汀迪奥女士香水 持久淡香氛 真我EDP浓香50ml(京东发货), 迪奥香水",3
0.0235136042996305,"安娜苏香水, 兰蔻香水, 古驰GUCCI女士香水 罪爱淡香氛 古驰罪爱75ml",3
0.0235136042996305,"安娜苏香水, 万宝龙传奇女士香水 30ml, 博柏利香水",3
0.0235136042996305,"安娜苏香水, VERSACE范思哲晶钻 黑钻 幻影金钻 香恋明亮水晶5/30/50/90ml等 -晶钻30ml正装, 菲拉格慕香水",3
0.0235136042996305,"安娜苏香水, 博柏利香水, LANVIN浪凡我愿意女士香水/Marry me嫁给我 -30ml",3
0.0235136042996305,"安娜苏香水, 菲拉格慕 甜心魔力/梦中情人女士淡香水 100ml, 菲拉格慕香水",3
0.0235136042996305,"安娜苏香水, 迪奥香水, CK因为你香水IN2U喜欢你50ml/100ml/150ml等 -因为你女香100ml",3
0.02334564998320457,"美奥迪菲MYOSOTIS 豪华装法国女士香水夜用30ml清新持久淡香买一送7 红唇豪华版30毫升, 安娜苏香水, 菲拉格慕香水",3
0.02334564998320457,"安娜苏香水, 普拉达香水, 博柏利香水",3
0.02334564998320457,"安娜苏香水, 万宝龙传奇女士香水 30ml, 迪奥香水",3
0.023177695666778637,"迪奥Dior香水 真我女士浓香100ML, 阿玛尼ARMANI 挚爱女士香水EDP 1.5ml*3",2
0.023177695666778637,"安娜苏香水, 菲拉格慕香水, CK因为你香水IN2U喜欢你50ml/100ml/150ml等 -因为你女香100ml",3
0.023177695666778637,"安娜苏香水, 【跨新年抢先购】精美礼盒晨露女士香水50ml持久清新淡香海洋香调 绿色, 祖玛珑香水",3
0.023177695666778637,"安娜苏香水, 马克.雅可布香水, 祖玛珑香水",3
0.023009741350352705,"安娜苏香水, 祖玛珑香水, 意大利原装进口Bvlgari宝格丽女士香水持久淡香氛 紫金纯香65ml",3
0.023009741350352705,"安娜苏香水,  CHANEL香奈儿邂逅机会EDP女士香水100ml 黄色机遇持久浓香 , 祖玛珑香水",3
0.023009741350352705,"安娜苏香水, 雅芳香氛喷雾香水50ml 送小黑裙身体乳香氛香水 小黑裙50ML送小黑裙身体乳, 祖玛珑香水",3
0.023009741350352705,"VERSACE范思哲晶钻 黑钻 幻影金钻 香恋明亮水晶5/30/50/90ml等 -晶钻30ml正装, 祖玛珑香水, 兰蔻香水",3
0.023009741350352705,"古驰香水, 祖玛珑香水, 兰蔻香水",3
0.023009741350352705,"安娜苏香水, 迪奥香水, 意大利原装进口Bvlgari宝格丽女士香水持久淡香氛 紫金纯香65ml",3
0.023009741350352705,"安娜苏香水, 古驰香水, 迪奥香水",3
0.022841787033926773,"安娜苏香水, 马克.雅可布香水, 菲拉格慕香水",3
0.022841787033926773,"古驰香水, 古驰GUCCI女士香水 罪爱淡香氛 古驰罪爱75ml",2
0.022841787033926773,"卡文克莱香水, 博柏利香水, 迪奥香水, 祖玛珑香水",4
0.022841787033926773,"Dior迪奥真我香水女士 -100ml淡香水EDT, 安娜苏香水, 菲拉格慕香水",3
0.022841787033926773,"博柏利香水, Gucci古驰花之舞花园系列女香之 栀子花/柑橘/紫罗兰等 -30ml栀子花正装, 迪奥香水",3
0.02267383271750084,"安娜苏香水, Dior克丽丝汀迪奥女士香水 持久淡香氛 真我EDP浓香50ml(京东发货), 兰蔻香水",3
0.02267383271750084,"卡文克莱香水, 迪奥香水, 祖玛珑香水, 兰蔻香水",4
0.02267383271750084,"安娜苏香水, 万宝龙传奇女士香水 30ml, 祖玛珑香水",3
0.02267383271750084,"安娜苏香水, 菲拉格慕香水, 阿玛尼ARMANI 挚爱女士香水EDP 1.5ml*3",3
0.02267383271750084,"卡文克莱香水, 博柏利香水, 迪奥香水, 兰蔻香水",4
0.02267383271750084,"雅芳香氛喷雾香水50ml 送小黑裙身体乳香氛香水 小黑裙50ML送小黑裙身体乳, 博柏利香水, 兰蔻香水",3
0.022505878401074906,"安娜苏香水, 古驰香水, 菲拉格慕香水",3
0.022505878401074906,"迪奥香水, Dior迪奥女士香水女人生日礼物 迪奥小甜心小姐 真我女士香水发香雾迪奥真我发香喷雾 迪奥 迪奥真我发香雾30ml送礼盒无货预定中, 祖玛珑香水",3
0.022505878401074906,"安娜苏香水, 阿玛尼Gio寄情水男士淡香水 50ML, 菲拉格慕香水",3
0.022505878401074906,"专柜正品chanel香奈儿coco可可小姐香水女士香氛 摩登coco浓香EDP100ml, 迪奥香水, 兰蔻香水",3
0.022337924084648974,"安娜苏香水, Gucci古驰花之舞花园系列女香之 栀子花/柑橘/紫罗兰等 -30ml栀子花正装, 菲拉格慕香水",3
0.022337924084648974,"安娜苏香水, 阿玛尼Gio寄情水男士淡香水 50ML, 祖玛珑香水",3
0.022337924084648974,"安娜苏香水, 菲拉格慕香水, Chanel香奈儿香水女士淡香氛 粉色邂逅香水100ml",3
0.022337924084648974,"安娜苏香水, 宝格丽女士香水, 菲拉格慕香水",3
0.022337924084648974,"安娜苏香水, Chanel香奈儿COCO可可小姐女士淡香水100ml, 祖玛珑香水",3
0.022337924084648974,"Gucci古驰花之舞花园系列女香之 栀子花/柑橘/紫罗兰等 -30ml栀子花正装, 博柏利香水, 兰蔻香水",3
0.022169969768223042,"宝格丽女士香水, 博柏利香水, 兰蔻香水",3
0.022169969768223042,"博柏利香水, 兰蔻香水, 阿玛尼ARMANI 挚爱女士香水EDP 1.5ml*3",3
0.022169969768223042,"安娜苏香水, 菲拉格慕香水, 古驰GUCCI女士香水 罪爱淡香氛 古驰罪爱75ml",3
0.022169969768223042,"安娜苏香水, 浪凡香水, 菲拉格慕香水",3
0.02200201545179711,"博柏利香水,  CHANEL香奈儿邂逅机会EDP女士香水100ml 黄色机遇持久浓香 , 迪奥香水",3
0.02200201545179711,"卡文克莱香水, Chanel香奈儿COCO可可小姐女士淡香水100ml, Chanel香奈儿香水女士淡香氛 粉色邂逅香水100ml",3
0.02200201545179711,"博柏利香水, Chanel/香奈儿香水小样 香奈儿邂逅绿粉黄色 coco小姐香水女士正品淡香 持久 邂逅白可可五号之水5件套, 迪奥香水",3
0.021834061135371178,"博柏利香水, 兰蔻香水, 香奈儿可可小姐淡香水（瓶装）",3
0.021834061135371178,"安娜苏香水, 博柏利香水, 古驰GUCCI女士香水 罪爱淡香氛 古驰罪爱75ml",3
0.021834061135371178,"阿玛尼Gio寄情水男士淡香水 50ML, 博柏利香水, 菲拉格慕香水",3
0.021834061135371178,"专柜正品chanel香奈儿coco可可小姐香水女士香氛 摩登coco浓香EDP100ml, 博柏利香水, 兰蔻香水",3
0.021666106818945246,"博柏利香水, Dior迪奥女士香水女人生日礼物 迪奥小甜心小姐 真我女士香水发香雾迪奥真我发香喷雾 迪奥 迪奥真我发香雾30ml送礼盒无货预定中, 兰蔻香水",3
0.021666106818945246,"安娜苏香水, 迪奥香水, 古驰GUCCI女士香水 罪爱淡香氛 古驰罪爱75ml",3
0.021666106818945246,"卡文克莱香水, 博柏利香水, 迪奥香水, 菲拉格慕香水",4
0.021666106818945246,"美奥迪菲MYOSOTIS 豪华装法国女士香水夜用30ml清新持久淡香买一送7 红唇豪华版30毫升, 祖玛珑香水, 兰蔻香水",3
0.021498152502519314,"祖玛珑香水, 兰蔻香水, 意大利原装进口Bvlgari宝格丽女士香水持久淡香氛 紫金纯香65ml",3
0.021498152502519314,"Gucci古驰花之舞花园系列女香之 栀子花/柑橘/紫罗兰等 -30ml栀子花正装, 迪奥香水, 兰蔻香水",3
0.021498152502519314,"Gucci古驰花之舞花园系列女香之 栀子花/柑橘/紫罗兰等 -30ml栀子花正装, 博柏利香水, 祖玛珑香水",3
0.021498152502519314,"安娜苏香水, 迪奥香水, Chanel香奈儿COCO可可小姐女士淡香水100ml",3
0.021498152502519314,"博柏利香水, Dior迪奥女士香水女人生日礼物 迪奥小甜心小姐 真我女士香水发香雾迪奥真我发香喷雾 迪奥 迪奥真我发香雾30ml送礼盒无货预定中, 祖玛珑香水",3
0.021498152502519314,"Dior迪奥女士香水Q版5ml小样  香水身体乳  礼盒包装 送手提袋 四件装 白色礼盒, 博柏利香水, 祖玛珑香水",3
0.021498152502519314,"迪奥（Dior/CD）香水女士 迪奥粉红魅惑香水女士100ml, 迪奥香水, 兰蔻香水",3
0.021330198186093382,"宝格丽女士香水, 卡文克莱香水, Dior迪奥女士香水Q版5ml小样  香水身体乳  礼盒包装 送手提袋 四件装 白色礼盒",3
0.021330198186093382,"卡文克莱香水, 迪奥香水, 祖玛珑香水, 菲拉格慕香水",4
0.021330198186093382,"博柏利香水, 祖玛珑香水, 阿玛尼ARMANI 挚爱女士香水EDP 1.5ml*3",3
0.021330198186093382,"VERSACE范思哲晶钻 黑钻 幻影金钻 香恋明亮水晶5/30/50/90ml等 -晶钻30ml正装, 博柏利香水, 兰蔻香水",3
0.021330198186093382,"浪凡香水, 迪奥香水, 兰蔻香水",3
0.021330198186093382,"古驰香水, 迪奥香水, 兰蔻香水",3
0.021330198186093382,"安娜苏香水, 迪奥香水, 菲拉格慕 甜心魔力/梦中情人女士淡香水 100ml",3
0.021330198186093382," CHANEL香奈儿邂逅机会EDP女士香水100ml 黄色机遇持久浓香 , 迪奥香水, 兰蔻香水",3
0.021330198186093382,"安娜苏香水, 专柜正品chanel香奈儿coco可可小姐香水女士香氛 摩登coco浓香EDP100ml, 祖玛珑香水",3
0.021330198186093382,"卡文克莱香水, 专柜正品chanel香奈儿coco可可小姐香水女士香氛 摩登coco浓香EDP100ml, Chanel香奈儿香水女士淡香氛 粉色邂逅香水100ml",3
0.021330198186093382,"安娜苏香水, Dior克丽丝汀迪奥女士香水 持久淡香氛 真我EDP浓香50ml(京东发货), 菲拉格慕香水",3
0.02116224386966745,"迪奥（Dior/CD）香水女士 迪奥粉红魅惑香水女士100ml, 博柏利香水, 兰蔻香水",3
0.02116224386966745,"Chanel/香奈儿香水小样 香奈儿邂逅绿粉黄色 coco小姐香水女士正品淡香 持久 邂逅白可可五号之水5件套, 博柏利香水, 菲拉格慕香水",3
0.02116224386966745,"古驰香水, 博柏利香水, 祖玛珑香水",3
0.02116224386966745,"祖玛珑香水, Dior迪奥女士香水女人生日礼物 迪奥小甜心小姐 真我女士香水发香雾迪奥真我发香喷雾 迪奥 迪奥真我发香雾30ml送礼盒无货预定中, 兰蔻香水",3
0.02116224386966745,"博柏利香水, 菲拉格慕香水, 香奈儿可可小姐淡香水（瓶装）",3
0.02116224386966745,"卡文克莱香水, Chanel香奈儿COCO可可小姐女士淡香水100ml, 香奈儿可可小姐淡香水（瓶装）",3
0.02116224386966745,"Chanel/香奈儿香水小样 香奈儿邂逅绿粉黄色 coco小姐香水女士正品淡香 持久 邂逅白可可五号之水5件套, 迪奥香水, 祖玛珑香水",3
0.02116224386966745,"Chanel/香奈儿香水小样 香奈儿邂逅绿粉黄色 coco小姐香水女士正品淡香 持久 邂逅白可可五号之水5件套, 迪奥香水, 兰蔻香水",3
0.02116224386966745,"博柏利香水, 菲拉格慕香水, 意大利原装进口Bvlgari宝格丽女士香水持久淡香氛 紫金纯香65ml",3
0.02116224386966745,"迪奥香水, Dior迪奥女士香水女人生日礼物 迪奥小甜心小姐 真我女士香水发香雾迪奥真我发香喷雾 迪奥 迪奥真我发香雾30ml送礼盒无货预定中, 兰蔻香水",3
0.02116224386966745,"范思哲香水, 博柏利香水, 祖玛珑香水",3
0.02116224386966745,"范思哲香水, 博柏利香水, 迪奥香水",3
0.02116224386966745,"菲拉格慕 甜心魔力/梦中情人女士淡香水 100ml, 博柏利香水, 祖玛珑香水",3
0.02116224386966745,"迪奥香水, 菲拉格慕香水, CK因为你香水IN2U喜欢你50ml/100ml/150ml等 -因为你女香100ml",3
0.020994289553241518,"安娜苏香水, 祖玛珑香水, CK因为你香水IN2U喜欢你50ml/100ml/150ml等 -因为你女香100ml",3
0.020826335236815586,"范思哲香水, 博柏利香水, 兰蔻香水",3
0.020826335236815586," CHANEL香奈儿邂逅机会EDP女士香水100ml 黄色机遇持久浓香 , 博柏利香水, 兰蔻香水",3
0.020826335236815586,"Dior迪奥女士香水Q版5ml小样  香水身体乳  礼盒包装 送手提袋 四件装 白色礼盒, 迪奥香水, 祖玛珑香水",3
0.020826335236815586,"Chanel香奈儿COCO可可小姐女士淡香水100ml, 博柏利香水, 祖玛珑香水",3
0.020826335236815586,"古驰香水, 博柏利香水, 兰蔻香水",3
0.020826335236815586,"安娜苏香水, 博柏利香水, 迪奥香水, 兰蔻香水",4
0.020826335236815586,"迪奥Dior香水 真我女士浓香100ML, 迪奥香水, 兰蔻香水",3
0.020826335236815586,"安娜苏香水, 菲拉格慕香水, LANVIN浪凡我愿意女士香水/Marry me嫁给我 -30ml",3
0.020826335236815586,"迪奥（Dior/CD）香水女士 迪奥粉红魅惑香水女士100ml, 迪奥香水, 菲拉格慕香水",3
0.020826335236815586," CHANEL香奈儿邂逅机会EDP女士香水100ml 黄色机遇持久浓香 , 迪奥香水, 祖玛珑香水",3
0.020826335236815586,"卡文克莱香水, 马克.雅可布香水, 意大利原装进口Bvlgari宝格丽女士香水持久淡香氛 紫金纯香65ml",3
0.020658380920389654,"博柏利香水, 祖玛珑香水, 意大利原装进口Bvlgari宝格丽女士香水持久淡香氛 紫金纯香65ml",3
0.020658380920389654,"宝格丽女士香水, 卡文克莱香水, 马克.雅可布香水",3
0.020658380920389654,"菲拉格慕 甜心魔力/梦中情人女士淡香水 100ml, 博柏利香水, 兰蔻香水",3
0.020658380920389654,"卡文克莱香水, Dior迪奥女士香水Q版5ml小样  香水身体乳  礼盒包装 送手提袋 四件装 白色礼盒, 意大利原装进口Bvlgari宝格丽女士香水持久淡香氛 紫金纯香65ml",3
0.020658380920389654,"迪奥香水, 兰蔻香水, Chanel香奈儿香水女士淡香氛 粉色邂逅香水100ml",3
0.020658380920389654,"阿玛尼Gio寄情水男士淡香水 50ML, 博柏利香水, 迪奥香水",3
0.020658380920389654,"博柏利香水, 迪奥香水, 香奈儿可可小姐淡香水（瓶装）",3
0.020658380920389654,"卡文克莱香水, 博柏利香水, 祖玛珑香水, 菲拉格慕香水",4
0.020658380920389654,"迪奥香水, 兰蔻香水, 意大利原装进口Bvlgari宝格丽女士香水持久淡香氛 紫金纯香65ml",3
0.020658380920389654,"迪奥香水, Dior迪奥女士香水女人生日礼物 迪奥小甜心小姐 真我女士香水发香雾迪奥真我发香喷雾 迪奥 迪奥真我发香雾30ml送礼盒无货预定中, 菲拉格慕香水",3
0.020658380920389654,"博柏利香水, 迪奥Dior香水 真我女士浓香100ML, 迪奥香水",3
0.020490426603963722,"Dior克丽丝汀迪奥女士香水 持久淡香氛 真我EDP浓香50ml(京东发货), 卡文克莱香水, 宝格丽女士香水",3
0.020490426603963722,"安娜苏香水, 祖玛珑香水, 古驰GUCCI女士香水 罪爱淡香氛 古驰罪爱75ml",3
0.020490426603963722,"Chanel香奈儿COCO可可小姐女士淡香水100ml, 祖玛珑香水, 菲拉格慕香水",3
0.020490426603963722,"阿玛尼Gio寄情水男士淡香水 50ML, 博柏利香水, 兰蔻香水",3
0.020490426603963722,"博柏利香水, 兰蔻香水, 意大利原装进口Bvlgari宝格丽女士香水持久淡香氛 紫金纯香65ml",3
0.020490426603963722,"博柏利香水, 古驰香水, 迪奥香水",3
0.020490426603963722,"Chanel香奈儿香水女士淡香氛 5号之水EDT淡香100ml(新版), 迪奥香水, 菲拉格慕香水",3
0.020490426603963722,"卡文克莱香水, 迪奥香水, 兰蔻香水, 菲拉格慕香水",4
0.020490426603963722,"雅芳香氛喷雾香水50ml 送小黑裙身体乳香氛香水 小黑裙50ML送小黑裙身体乳, 祖玛珑香水, 兰蔻香水",3
0.020490426603963722,"迪奥香水, 菲拉格慕香水, 意大利原装进口Bvlgari宝格丽女士香水持久淡香氛 紫金纯香65ml",3
0.020490426603963722,"安娜苏香水, 雅芳香氛喷雾香水50ml 送小黑裙身体乳香氛香水 小黑裙50ML送小黑裙身体乳, 菲拉格慕香水",3
0.020490426603963722,"迪奥Dior香水 真我女士浓香100ML, 祖玛珑香水, 菲拉格慕香水",3
0.02032247228753779,"宝格丽女士香水, 卡文克莱香水, 博士淡香水",3
0.02032247228753779,"Gucci古驰花之舞花园系列女香之 栀子花/柑橘/紫罗兰等 -30ml栀子花正装, 迪奥香水, 祖玛珑香水",3
0.02032247228753779,"VERSACE范思哲晶钻 黑钻 幻影金钻 香恋明亮水晶5/30/50/90ml等 -晶钻30ml正装, 迪奥香水, 祖玛珑香水",3
0.02032247228753779,"迪奥Dior香水 真我女士浓香100ML, 祖玛珑香水, 兰蔻香水",3
0.02032247228753779,"Dior迪奥真我香水女士 -100ml淡香水EDT, 卡文克莱香水, CK因为你香水IN2U喜欢你50ml/100ml/150ml等 -因为你女香100ml",3
0.02032247228753779,"博柏利香水, 专柜正品chanel香奈儿coco可可小姐香水女士香氛 摩登coco浓香EDP100ml, 迪奥香水",3
0.02032247228753779,"安娜苏香水, 万宝龙传奇女士香水 30ml, 菲拉格慕香水",3
0.02032247228753779,"博柏利香水, 迪奥香水, 意大利原装进口Bvlgari宝格丽女士香水持久淡香氛 紫金纯香65ml",3
0.020154517971111858,"Dior迪奥女士香水Q版5ml小样  香水身体乳  礼盒包装 送手提袋 四件装 白色礼盒, 祖玛珑香水, 菲拉格慕香水",3
0.020154517971111858,"宝格丽女士香水, 祖玛珑香水, 兰蔻香水",3
0.020154517971111858,"【跨新年抢先购】精美礼盒晨露女士香水50ml持久清新淡香海洋香调 绿色, 祖玛珑香水, 兰蔻香水",3
0.020154517971111858,"卡文克莱香水, 马克.雅可布香水, Chanel香奈儿COCO可可小姐女士淡香水100ml",3
0.020154517971111858,"Chanel香奈儿香水女士淡香氛 5号之水EDT淡香100ml(新版), 迪奥香水, 祖玛珑香水",3
0.020154517971111858,"范思哲香水, 博柏利香水, 菲拉格慕香水",3
0.020154517971111858,"Dior迪奥女士香水Q版5ml小样  香水身体乳  礼盒包装 送手提袋 四件装 白色礼盒, 祖玛珑香水, 兰蔻香水",3
0.020154517971111858,"卡文克莱香水, 迪奥Dior香水 真我女士浓香100ML, Dior迪奥女士香水Q版5ml小样  香水身体乳  礼盒包装 送手提袋 四件装 白色礼盒",3
0.020154517971111858,"卡文克莱香水, Chanel/香奈儿香水小样 香奈儿邂逅绿粉黄色 coco小姐香水女士正品淡香 持久 邂逅白可可五号之水5件套, 宝格丽女士香水",3
0.020154517971111858,"博柏利香水, 兰蔻香水, CK因为你香水IN2U喜欢你50ml/100ml/150ml等 -因为你女香100ml",3
0.020154517971111858,"浪凡香水, 博柏利香水, 兰蔻香水",3
